"18/05/2016","10:00:01","AAGym","informasi bagi sahabat/sahabat yang menggunakan smartphone android, bisa mendownload aplikasi aagym (tl media). insyaallah kumpulan tausiyah, audio, video, motivasi harian, dan informasi seputar kegiaat daarut tauhiid dapat dinikmati di aplikasi ini. silahkan download di https://goo.gl/i7xlw0 atau via playstore, cari aplikasi aagym (tl media)"
"18/05/2016","06:15:00","AAGym","“barangsiapa berhijrah di jalan allah, niscaya mereka mendapati di muka bumi ini tempat hijrah yang luas dan rezeki yang banyak. barangsiapa keluar dari rumahnya dengan maksud berhijrah kepada alloh dan rosul/nya, kemudian kematian menimpanya (sebelum sampai ke tempat yang dituju), maka sungguh telah tetap pahalanya di sisi alloh. dan adalah alloh maha pengampun lagi maha penyayang.” (qs. an nisaa [4] : 100) hijrah selain memiliki makna berpindah secara lahir, juga memiliki m...akna berpindah secara batin. berpindah dari keadaan sebelumnya yang kurang baik, kepada keadaan selanjutnya yang lebih baik. berpindah dari keadaan sebelumnya yang kurang sungguh/sungguh ibadah, kepada kesungguhan memperbaiki diri dan mendekati alloh swt. akan tetapi, rosululloh saw. dalam salah satu haditsnya menerangkan kepada kita bahwa tidak setiap orang berhijrah itu dengan niat lillaahi ta’ala, ada juga orang yang berhijrah dengan niat mengharapkan sesuatu selain alloh. ada yang karena ingin mendapat penilaian dan kekaguman makhluk, ada yang karena ingin mendapat keuntungan materi, ada yang karena wanita, dan lain sebagainya. sedangkan apa yang diniatkan, sebatas itulah yang akan didapatkan. misalnya, ketika seorang wanita memutuskan untuk berhijrah dari tidak berhijab menjadi berhijab, maka periksalah ke dalam hati apakah yang mendorong keputusannya itu. apakah benar/benar mengharap ridho alloh, ataukah demi polularitas, demi pengakuan makhluk, demi keuntungan materi atau demi alasan/alasan duniawi lainnya?! jika kita membaca sejarah, maka kita akan menemukan bahwa ada orang yang menyatakan dirinya hijrah dari kekafiran kepada islam, namun rupanya bukan karena alloh, melainkan justru untuk mencari/cari kelemahan islam dan kaum muslimin. maasyaa alloh! saudaraku, kita harus semakin baik dari hari ke hari. berpindah dari keadaan sebelumnya yang tidak baik kepada keadaan yang lebih baik adalah keharusan seorang muslim. namun, rajin/rajinlah untuk selalu memeriksa hati dan meluruskan niat agar setiap ikhtiar kita memperbaiki diri adalah benar/benar karena alloh swt."
"17/05/2016","19:35:00","AAGym","rosululloh saw. bersabda, “ketahuilah, sesungguhnya di dalam tubuh manusia itu ada segumpal daging, jika segumpal daging itu baik, maka baiklah seluruh tubuhnya, dan jika segumpal daging itu buruk, maka buruklah seluruh tubuhnya. ketahuilah bahwa segumpal daging itu hati.” (hr. bukhori dan muslim)  akhlak yang baik bersumber dari hati yang baik. hati yang bersih akan memancarkan akhlak yang mulia. seperti teko, ia hanya mengeluarkan isi teko. jika di dalamnya kopi maka akan k...eluar kopi, jika di dalamnya susu, maka akan keluar susu, jika di dalamnya air comberan maka itulah yang ia keluarkan.  jadi kalau kita ingin punya akhlak yang baik, maka harus berjuang agar memiliki hati yang baik. bagaimana agar memiliki hati yang baik, kuncinya adalah belajar dan bersungguh/sungguh. ilmu akan sia/sia jika tidak dipraktikkan, ilmu akan percuma jika tidak diamalkan. namun, amal juga akan menguap begitu saja jika tidak diiringi dengan keistiqomahan atau konsistensi.  bagaimana agar hati kita senantiasa baik dan jernih. kebaikan hati akan terjaga sesuai dengan kekuatan dzikir kita, yaitu ingatan kita kepada alloh swt. semakin hati kita penuh dengan dzikrulloh, maka hati akan lebih tenang dan bersih dari bibit/bibit penyakit hati. salah satu bentuk dzikir adalah setiap ucapan dan sikap kita selalu dikaitkan kepada alloh. setiap kali akan mengucapkan sesuatu atau melakukan sesuatu, bertanyalah kepada diri sendiri, “kalau saya melakukan ini, alloh suka atau tidak?!” cara dzikir yang lain adalah dengan sering memeriksa niat, apakah kita sedang riya atau tidak, sombong atau tidak, mencari pujian manusia atau penilaian alloh, ikhlas atau mengharap pamrih manusia, dan seterusnya. pegulatan hati kita yang seperti ini pasti diketahui oleh alloh dan jika kita mendekatkan diri kepada/nya, niscaya alloh akan memudahkan kita memiliki hati yang bersih dan istiqomah dalam kemuliaan akhlak. betapa beruntung orang yang senantiasa terbimbing oleh petunjuk alloh swt. dan memiliki akhlak mulia. semoga kita termasuk orang/orang yang demikian. aamiin yaa robbal ‘aalamiin."
"17/05/2016","19:27:41","AAGym","abu sa’id rafi’ bin al mu’alla r.a berkata, “rosululloh saw. berkata padaku, “maukah aku ajarkan engkau surat yang paling mulia dalam al quran sebelum engkau keluar masjid?” lalu beliau memegang tanganku, maka ketika kami hendak keluar, aku berkata, “wahai rosululloh, sesungguhnya engkau mengatakan, “aku akan mengajarkanmu surat yang paling agung dalam al quran?” beliau menjawab, “alhamdulillahi robbil ‘alamin (segala puji bagi allah robb semesta alam) dan al quran al ‘azhim ...(al quran yang mulia) yang telah diberikan kepadaku.” (hr. bukhori) jadi, surat paling mulia di dalam al quran adalah al fatihah. surat ini juga memiliki khasiat menyembuhkan, sebagaimana satu kisah ketika para sahabat nabi saw. singgah di sebuah perkampungan arab dan berhasil menyembuhkan salah seorang pembesar di sana yang sakit akibat terkena sengatan kalajengking. al fatihah juga merupakan surat yang setiap kali dibacakan oleh seorang hamba, maka setiap ayatnya alloh menjawabnya. dalam sebuah hadits qudsi disebutkan bahwa ketika kita membaca alhamdulillaahi robbil ‘aalamiin, maka alloh menjawab, “hamba/ku telah memujiku”. ketika kita membaca, “arrohmaanirrohiim”, maka alloh menjawab, “hamba/ku telah menyanjung/ku”. ketika kita membawa, “maaliki yaumiddiin”, maka alloh menjawab, “hamba/ku telah mengagungkan aku”. ketika kita membaca “iyyaaka na’budu wa iyyaaka nasta’iin”, maka alloh menjawab, “inilah bagian/ku dan bagian hamba/ku yang dimintainya”. kemudian, ketika kita membaca, “ihdinaash shirootol mustaqiim, shirootolladziina an’amta ‘alaihim ghoiril maghdhubi ‘alaihim waladhdhoolliin”, maka alloh menjawab, “inilah bagian hamba/ku untuk apa yang dimintainya.” maasyaa alloh. sungguh indah sekali komunikasi yang terjadi antara seorang hamba dengan robb/nya melalui pembacaan surat al fatihah. maka, jikalau kita sedang sholat dan membaca surat ini, bacalah dengan penuh kekhusyuan dan ketenangan, nikmatilah jangan tergesa/gesa, rasakan bahwa setiap ayat yang kita baca itu sedang alloh jawab. al fatihah berisi doa yang begitu agung. semoga kita bisa selalu khusyu ketika membaca surat al fatihah, dan semoga alloh senantiasa melimpahi kita dengan hidayah, penerang jalan kita kita di dunia dan akhirat. aamiin yaa robbal ‘aalamiin."
"22/03/2016","07:53:03","AAGym","informasi bagi sahabat/sahabat yang menggunakan smartphone android, bisa mendownload aplikasi aagym (tl media). insyaallah kumpulan tausiyah, audio, video, motivasi harian, dan informasi seputar kegiaat daarut tauhiid dapat dinikmati di aplikasi ini. silahkan download di https://goo.gl/i7xlw0 atau via playstore, cari aplikasi aagym (tl media)"
"17/05/2016","18:32:01","AAGym","para kekasih alloh memiliki dua ciri, yaitu yakin dan istiqomah. alloh swt. berfirman di dalam al quran, “sesungguhnya orang/orang yang mengatakan: “tuhan kami ialah alloh” kemudian mereka meneguhkan pendirian (istiqomah) mereka, maka malaikat akan turun kepada mereka dengan mengatakan: “janganlah kamu takut dan janganlah merasa sedih; dan gembirakanlah mereka dengan jannah yang telah dijanjikan alloh kepadamu”. (qs. fushilat [41] : 31) jadi, bagi orang yang yakin dan istiqom...ah itu, alloh telah berjanjin akan menurunkan malaikat yang akan mengirimkan kebahagiaan, kegembiraan dan ketenangan dari alloh swt. bahkan, alloh pun telah berjanji akan mengkaruniakan surga kepada orang/orang yang yakin dan istiqomah di jalan/nya. orang yang yakin kepada alloh dan istiqomah di jalan/nya, tidak akan memiliki rasa khawatir dan takut terhadap kehidupan dunia. yang ia takutkan hanyalah takut alloh tidak ridho kepadanya. dia pun akan diselimuti dengan ketenangan di dalam hatinya. rasa tentram dan tenang meski sedang berada dalam situasi apapun. karena ia senantiasa yakin bahwa sesulit apapun keadaannya, pasti ada dalam kekuasaan alloh swt. tiada kesulitan bagi siapa saja yang berserah diri kepada alloh. betapa beruntungnya orang/orang yang hatinya sudah diliputi dengan ketenangan. karena sesungguhnya ketenangan itu milik alloh dan hanya alloh yang kuasa memberikannya kepada orang/orang yang beriman. ketenangan tidak bisa dibeli bahkan tidak bisa dicuri dari orang lain. alloh swt. berfirman, “sesungguhnya orang/orang yang mengatakan: “tuhan kami ialah allah”, kemudian mereka tetap istiqomah maka tidak ada kekhawatiran terhadap mereka dan mereka tiada (pula) berduka cita. mereka itulah penghuni/penghuni surga, mereka kekal di dalamnya; sebagai balasan atas apa yang telah mereka kerjakan.” (qs. al ahqof [46] : 13/14) maasyaa alloh! betapa besar ganjaran dari yakin dan istiqomah di jalan alloh swt. inilah ciri dari para kekasih alloh. semoga kita termasuk orang/orang yang mendapat tempat di dalam golongan ini. aamiin yaa robbal ‘aalamiin."
"17/05/2016","14:46:54","AAGym","tidak ada pujian yang lebih berhak menerimanya selain pujian kepada alloh swt. siapapun yang mendapat pujian, maka sesungguhnya setiap pujian adalah karunia dari alloh. maka, sepatutnya setiap ujian yang datang kepada kita dikembalikan kepada alloh. siapapun yang merasa bahwa pujian yang datang adalah milik dirinya, maka dia menyalahi dirinya sendiri : lisan menyebut bahwa segala puji hanya milik alloh, akan tetapi dia tamak pada sanjungan dan pujian dari makhluk. siapapun ya...ng berdzikir dengan tahmid “alhamdulillaahi robbil ‘aalamiin”, maka dia harus selalu sadar bahwa apapun yang membuat dirinya dipuji adalah karunia alloh semata, dan setiap pujian yang mengarah kepada dirinya hakikatnya adalah milik alloh dan dikembalikan kepada alloh. pujian jika ditelan bulat/bulat tanpa disaring dengan ilmu tauhiid, maka akan menjadi sesuatu yang melenakan. pujian memang indah, tapi jika dibiarkan liar maka ia akan menjadi sumber malapetaka : menghanyutkan hati dalam rasa ujub, sombong dan riya, menjauhkan diri dari keikhlasan. oleh karena itu, penting bagi kita untuk terampil mengelola pujian. kita tidak bisa mengatu, menahan atau melarang orang lain agar tidak memuji kita. akan tetapi, pandai/pandailah mengelola setiap pujian yang datang dengan senantiasa menyerahkannya kepada alloh swt. dan terus/menerus memeriksa kebersihan hati dari bibit/bibit penyakit hati. semoga alloh swt. senantiasa memberi kita petunjuk sehingga kita termasuk orang/orang yang selamat. aamiin yaa robbal ‘aalamiin."
"04/05/2016","10:11:50","AAGym","saudaraku, alloh swt. mengurus seluruh alam semesta ini tanpa terkecuali. rahmat alloh merata kepada seluruh makhluk/nya. termasuk orang yang beriman kepada/nya dan yang menginkari/nya. orang mukmin dan orang yang inkar sama/sama bisa mendapatkan udara untuk bernapas, sama/sama bisa merasakan nikmatnya jantung yang berdegup mengalirkan darah ke seluruh tubuh, paru/paru yang memompa oksigen, kelopak mata yang mampu berkedip dan berbagai karunia lainnya. akan tetapi, ada yang m...embedakan orang mukmin dan yang inkar. orang mukmin bisa merasakan ketenangan di dalam hatinya disebabkan keimanannya kepada alloh swt., sedangkan orang yang inkar tidak bisa. alloh swt. berfirman, “dia/lah yang telah menurunkan ketenangan ke dalam hati orang/orang mukmin supaya keimanan mereka bertambah di samping keimanan mereka (yang telah ada). dan kepunyaan alloh/lah tentara langit dan bumi dan adalah allah maha mengetahui lagi maha bijaksana.” (qs. al fath [48] : 4) tidak perlu juga kita mempertanyakan lantas mengapa alloh menciptakan orang/orang yang inkar itu, karena urusan penciptaan adalah urusan alloh swt. sedangkan urusan kita adalah beribadah, beramal sholeh, taat, patuh dan tunduk kepada/nya. sesungguhnya alloh maha berkehendak, jika alloh menghendaki penciptaan sesuatu maka jadilah dia. kalaupun mau kita tafakuri mengapa masih saja banyak orang yang menginkari alloh swt., maka sebenarnya itulah ladang amal sholeh kita untuk berdakwah menyampaikan kebenaran islam. sampaikanlah kebenaran dengan akhlak mulia. sungguh tiada satupun perbuatan alloh yang sia/sia. semoga setiap apapun yang kita niatkan, yang kita ucapkan dan kita perbuat ada dalam ridho alloh swt. aamiin yaa robbal ‘aalamiin."
"17/05/2016","10:00:01","AAGym","dalil keutamaan memberikan hadiah..  smile emotikon  silahkan follow instagram : 1muslimdesigner ‪#‎muslimdesigner‬  ‪#‎belajarislam‬  ‪#‎hadits‬ ... ‪#‎haditsbukhari‬"
"17/05/2016","06:15:00","AAGym","informasi bagi sahabat/sahabat yang menggunakan smartphone android, bisa mendownload aplikasi aagym (tl media). insyaallah kumpulan tausiyah, audio, video, motivasi harian, dan informasi seputar kegiaat daarut tauhiid dapat dinikmati di aplikasi ini. silahkan download di https://goo.gl/i7xlw0 atau via playstore, cari aplikasi aagym (tl media)"
"16/05/2016","20:37:10","AAGym","‪#‎pedulisuriah‬ disaat tanah air ini menjadi perhatian kita untuk penyaluran bantuan kemanusiaan akibat banjir, longsor dan lainnya, tiba/tiba mata dan telinga... kita mendengar jeritan tangisan anak/anak yg merobek/robek nurani menyaksikan kekejaman perang yang telah membuat saudara/saudara kita terusir tinggal di puing reruntuhan meriam, terluka.   di aleppo suriah anak anak dan ibu tua tidak lagi bernyawa bergelimpangan. sebagian mereka mengungsi dalam ketakutan yang mencekam. mereka membutuhkan perhatian dari kita berupa do’a yg kita panjatkan di setiap selesai sholat wajib dan sholat malam kita sahabat, mereka juga butuh penanganan medis, obat/obatan, makanan yg saat ini sangat sulit di temui. dpu dt mengajak kita semua meringankan beban sesama bagi penderitaan saudara/saudara kita di suriah.  dpu dt akan mengirimkan amanah masyarakat indonesia dalam bentuk bantuan makanan dan bantuan kesehatan bagi mereka  yg terluka di pengungsian.  transfer peduli suriah bni syariah 009.2553.741 bca 777.0333.151 a.n dpu is khusus donasi online peduli aleppo suriah  https://dpu/daaruttauhiid.org/w…/donasi/peduli/aleppo/suriah informasi dan konfirmasi  chat di www.dpudt.org sms/wa : 0851 0001 7002 bbm : dpudt1 ig: dpu.dt"
"16/05/2016","20:19:44","AAGym","saudaraku, banyak di antara kita yang mengupayakan adanya kesatuan dan persatuan, baik dengan cara mendirikan partai politik, yayasan, organisasi masyarakat, atau wadah lainnya. tetapi ternyata kedekatan hati itu tidak bisa di rekayasa. partai di dalamnya bisa bertengkar, di dalam keluarga juga bisa ada pertengkaran, bahkan di dalam organisasi pengurus masjid pun di dalamnya bisa ada perselisihan. lantas apa yang benar/benar bisa mempersatukan? jawabannya adalah tauhiid. sema...kin bersih, lurus tauhiidnya maka akan semakin mudah persatuan terjalin, karena orang/orang yang bersih tauhiidnya akan saling tersambung, terkoneksi melalui frekwensinya hatinya. semakin bersih tauhiid, semakin bersih pula hatinya. alloh swt. berfirman, “dan yang mempersatukan hati mereka (orang/orang yang beriman). walaupun kamu membelanjakan semua (kekayaan) yang berada di bumi, niscaya kamu tidak dapat mempersatukan hati mereka, akan tetapi alloh telah mempersatukan hati mereka. sesungguhnya dia maha gagah lagi maha bijaksana.” (qs. al anfaal [8] : 63) hati tidak bisa diraih dengan menumpahkan sebanyak apapun harta kekayaan. jikapun bisa, maka ketika ada pihak lain yang menggelontorkan harta yang lebih besar, maka hatinya akan beralih. hati tidak bisa dipersatukan dengan harta. hati hanya bisa bersatu jika alloh yang mempersatukan. bagaimana bisa? karena hati yang lurus, bersih mendekat kepada alloh, akan semakin saling mendekat bahkan bertemu. dan, kunci kebersihan hati adalah tauhiid yang lurus. oleh karena itu, jika ingin kehidupan rumah tangga bahagia, kuncinya adalah tauhiid. jika ingin kehidupan lingkungan masyarakat akur dan tentram, kuncinya adalah tauhiid. jika ingin kehidupan organisasi berlangsung dinamis, kompak, dan sinergi dalam kebaikan dan kebenaran, maka kuncinya adalah tauhiid. semoga alloh swt. senantiasa melimpahkan hidayah kepada kita sehingga kita bisa menjaga tauhiid yang bersih dan lurus dalam hatinya. aamiin yaa robbal ‘aalamiin."
"16/05/2016","19:34:00","AAGym","imam ibnu hatim menerangkan bahwa ada 5 (lima) hal yang perlu disegerakan. pertama, menjamu tamu. jangan ditunda/tunda dalam memberi suguhan kepada tamu. jangan ditunda/tunda sampai tamu tersebut hendak pulang, segerakanlah.  kedua, menguburkan jenazah. ... ketiga, menikahkan anak gadis jika sudah datang jodohnya. ini perlu disegerakan, karena jika ditunda/tunda bisa menimbulkan fitnah. bagi para orangtua yang punya anak gadis dan sudah datang jodohnya, jika sudah istikhoroh dan cukup syarat dan rukunnya, maka segerakan menikahkan mereka. ditunda/tunda hanya akan mengundang maksiat.  keempat, menyegerakan bayar utang. utang adalah urusan yang penting. utang perlu disegerakan untuk dilunasi, karena utang bisa menjadi penghalang kebahagiaan di akhirat. orang yang punya utang tapi tidak berniat melunasi, maka pencuri namanya. orang yang punya utang, sudah diberi kemampuan untuk melunasi oleh alloh, tapi dia tetap tidak melunasi, maka zholim namanya.  kelima, taubat. inilah urusan yang paling besar di antara lima urusan yang perlu disegerakan. taubat jangan ditunda/tunda. setiap perbuatan dosa sekecil apapun segeralah taubati seiring tekad untuk tidak mengulanginya lagi. menunda/nunda taubat sama saja seperti menantang takdir, karena saat pintu taubat masih terbuka lebar tidak dimanfaatkan sebaik mungkin untuk bertaubat. padahal kematian tidak pernah diketahui kapan dan dimana datangnya. alloh swt. berfirman, “..sesungguhnya alloh menyukai orang/orang yang bertaubat dan menyukai orang/orang yang mensucikan diri.” (qs. al baqoroh [2] : 222) semoga kita termasuk orang yang bersegera dalam beramal sholeh. aamiin yaa robbal ‘aalamiin."
"16/05/2016","18:32:01","AAGym","senang dipuji itu bisa ketagihan seperti orang yang mabuk, akan melakukan cara apa saja agar tetap jadi pusat perhatian."
"16/05/2016","13:45:21","AAGym","salah satu asma alloh adalah al latiif, alloh yang maha lembut. saudaraku, alloh maha lembut, karena alloh maha tahu segala kebutuhan seluruh makhluk/nya. dan, alloh melimpahkan rezeki untuk memenuhi kebutuhan seluruh makhluk/nya tanpa perlu diketahui oleh makhluk/nya. seringkali makhluk tidak menyadari betapa besarnya rezeki yang mereka terima dari alloh swt. saking lembutnya, saking halusnya, berbagai pertolongan alloh, segala pemberian alloh seringkali tidak terasa oleh ki...ta. sehingga kita lupa untuk menafakurinya apalagi mensyukurinya. alloh maha lembut, sampai/sampai permohonan kita kepada/nya dipenuhi tidak selalu dengan sesuatu yang berwujud namun sangat besar manfaatnya untuk kita. ketika kita masih berbentuk janin di dalam rahim, sesungguhnya kita tidak mengetahui dan tidak menyadari bagaimana keadaan di sana. orang lain pun tidak benar/benar mengerti apa yang terjadi di dalam rahim sehingga kita tumbuh berkembang dengan sehat tanpa kekurangan sesuatu apapun. alloh yang maha lembut, menyusun sel demi sel tanpa diketahui dan tanpa dipahami siapapun. alloh swt. berfirman, “apakah alloh yang menciptakan itu tidak mengetahui (yang kamu lahirkan atau rahasiakan); dan dia maha halus lagi maha mengetahui?” (qs. al mulk [67] : 14) jika kita tafakuri, lebih banyak mana antara yang datang atas permintaan kita, dengan yang datang tanpa kita pinta? mari kita tafakuri, jangan jauh/jauh, kita tafakuri organ tubuh kita saja dulu, bagaimana jantung berdetak bagaimana paru/paru bekerja dan bagaimana darah mengalir. baru menafakuri tiga hal itu saja maka sudah tidak mampu kita mengejarnya dengan pikiran kita. maasyaa alloh, betapa alloh maha lembut lagi maha kuasa."
"22/03/2016","19:54:26","AAGym","http://www.smstauhiid.com/pantang/menuhankan/uang/ada orang yang begitu menuhankan uang. bangun tidur yang dipikirkan uang. setiap ngobrol yang dibicarakan uang. setiap kegiatan selalu dihitung/hitung berapa keuntungan uang yang akan didapat. sampai tidur pun larut karena menghitung/hitung uang. hanya mau berteman dengan orang yang bisa menghasilkan uang. hanya tertarik pada urusan yang menghasilkan uang. uang dan uang yang memenuhi hati dan pikirannya. boleh jadi alloh mempe...rkenankan orang seperti ini untuk mendapatkan apa yang ia kejar yaitu uang. tapi ini bentuk istidroj dari alloh, yaitu ketika alloh memberikan dengan mudah setiap apa yang ia kejar namun kemudahan ini adalah malapetaka baginya. bagaimana tidak, semakin mudah ia menumpuk uang, semakin habis waktunya disibukkan untuk menghitung dan menjaganya. padahal kekayaan itu bagaikan air laut, semakin diminum malah semakin haus, dan manakala berlebihan maka yang terjadi kemudian adalah malapetaka. saudaraku, uang hanyalah aksesori dunia. uang yang kita miliki adalah sarana untuk mendekat kepada alloh swt. yang maha memberi rezeki. uang bukan tujuan, uang hanya “kendaraan” untuk mengantarkan kita lebih dekat dengan alloh swt. kita menjemput rezeki dengan niat supaya uang yang nanti kita miliki bisa kita belanjakan di jalan alloh, membela agama alloh, membangun tempat/tempat pendidikan yang bisa membangkitkan kembali kejayaan kaum muslimin. maasyaa alloh. hidup kita bukan untuk uang, melainkan uang yang kita punya adalah untuk beribadah kepada alloh swt."
"16/05/2016","13:43:31","AAGym","masyaallah... silahkan follow instagram : 1muslimdesigner ‪#‎muslimdesigner‬  ‪#‎belajarislam‬  ‪#‎nasehat‬ ... ‪#‎islam‬"
"16/05/2016","07:14:01","AAGym","silahkan didownload buku &quot;faktor – faktor pengotor hati&quot; karya aagym. gratis... file format pdf, bisa dibaca di semua jenis smartphone."
"16/05/2016","10:00:00","AAGym","saudaraku, seorang anak yang sejak kecil terbiasa hidup secara mudah, setiap keinginannya dipenuhi oleh orangtuanya, maka ia akan tumbuh cenderung menjadi pribadi yang lemah. maka, kalau ada orangtua yang memanjakan anaknya, sebenarnya orangtua tersebut tidak benar/benar menyayangi anaknya, atau orangtua tersebut tidak mengerti bagaimana cara menyayangi anaknya. memanjakan anak adalah cara halus menjerumuskan mereka. ini hanyalah sebuah gambaran bahwa kesulitan dalam hidup se...benarnya adalah sarana untuk belajar menjadi pribadi yang tangguh. mari kita lihat sosok nabi muhammad saw. yang sejak kanak/kanak sudah menjadi yatim. bahkan, ibunya wafat di saat usia nabi muhammad saw. masih sangat membutuhkan kehadiran sosok ibu. namun, situasi yang sulit seperti ini justru menjadi tempat bagi beliau untuk tumbuh menjadi pribadi yang mandiri dan kuat. alloh swt. berfirman, “kami akan menguji kamu dengan keburukan dan kebaikan sebagai cobaan (yang sebenar/benarnya), dan hanya kepada kami–lah kamu dikembalikan.” (qs. al anbiyâ’[21]:35) ibnu katsir r.a menerangkan bahwa ujian hidup berupa kesulitan itu adalah tempat untuk melihat kualitas manusia, mana di antara mereka yang bersabar dan mana yang putus asa. orang yang bersabar akan lahir menjadi pribadi tangguh, sedangkan orang yang putus asa akan menjadi pribadi yang lemah. padahal, alloh swt. tidak akan memberikan ujian yang berada di luar batas kemampuan manusia untuk menghadapinya. nah saudaraku, hidup tidak selalu berjalan sesuai dengan keinginan kita. bahkan, kebanyakan dari hidup ini adalah kejadian demi kejadian yang tidak kita inginkan sebelumnya. sebagian di antaranya berupa kepahitan. namun, kepahitan adalah ladang amak sholeh bagi kita agar kita semakin yakin pada kekuasaan alloh, semakin sabar dan semakin menyempurnakan ikhtiar."
"16/05/2016","06:10:00","AAGym","hidup di dunia ini pasti banyak masalah. masalah itu adalah bagian dari karunia alloh swt., bukan bagian dari musibah. masalah menjadi musibah jikalau kita salah menyikapinya. seperti ujian di sekolah, ujian tersebut adalah karunia karena ujian menjadi kesempatan untuk bisa naik kelas. justru murid yang tidak ujian bisa dianggap tidak sekolah. dan, seseorang yang tidak lulus itu bukan disebabkan soal/soal dalam ujiannya, akan tetapi disebabkan dia salah menjawab soal/soalnya,... dia salah menyikapi persoalannya. begitulah gambaran masalah yang kita temui dalam hidup kita di dunia. jadi, tidak perlu khawatir menghadapi masalah, yang perlu kita khawatirkan adalah jika kita salah menyikapi masalah. salah satu kesalahan yang dilakukan banyak orang ketika menghadapi masalah adalah sibuk mengandalkan sesuatu selain alloh. mungkin sibuk hanya mengandalkan pikiran sendiri, pengalaman sendiri, tenaga sendiri atau mengandalkan pertolongan orang lain. bukan tidak boleh semua itu, tapi jika semua itu ditempuh tanpa mendapat bimbingan dan izin alloh maka semuanya tidak akan berarti apa/apa. masalah sebesar apapun jika alloh menolong, maka akan menjadi sangat ringan dan mudah. sedangkan urusan remeh sekalipun, jika alloh tidak menolong, maka akan menjadi terasa sangat berat dan sulit. dalam ujian sekolah, jika kita meminta tolong jawabannya kepada guru maka guru tidak akan memberikannya. sedangkan dalam hidup, jika kita meminta jalan keluar kepada alloh atas masalah yang kita hadapi, niscaya alloh akan memberikannya. salah satu doa rosululloh saw. adalah, “wahai dzat yang maha hidup lagi maha berdiri dengan sendiri/nya, dengan rahmat/mu aku mohon pertolongan. perbaikilah urusanku seluruhnya dan jangan engkau serahkan aku kepada diriku walau hanya sekejap mata.”"
"15/05/2016","19:30:00","AAGym","informasi bagi sahabat/sahabat yang menggunakan smartphone android, bisa mendownload aplikasi aagym (tl media). insyaallah kumpulan tausiyah, audio, video, motivasi harian, dan informasi seputar kegiaat daarut tauhiid dapat dinikmati di aplikasi ini. silahkan download di https://goo.gl/i7xlw0 atau via playstore, cari aplikasi aagym (tl media)"
"15/05/2016","18:30:00","AAGym","surat ar rohman adalah satu/satunya surat yang mengulang kalimat yang sama sebanyak 31 kali. kalimat tersebut berbunyi, “fabiayyi aalaa/i robbikumaa tukadzibaan”, yang artinya “maka nikmat tuhan/mu yang manakah yang engkau dustakan”. setiap membaca kalimat ini seharusnya membuat kita merasa dicelupkan ke dalam samudera karunia alloh yang teramat luas tanpa batas sehingga tak pernah bisa kita menghitungnya. jika kita menafakuri karunia alloh, maka sebenarnya kita akan sulit me...nemukan ketidaknikmatan karena ternyata sejauh mata memandang yang kita temukan adalah berbagai kenikmatan dari alloh swt. karunia alloh yang begitu banyak dan luas terbentang di sekitar ini adalah kemudahan dari alloh agar kita mudah bersyukur. tidak melulu memikirkan apa yang belum ada sedangkan yang sudah ada tidak kita perhatikan. nikmati dan syukuri apa yang ada. karena sikap bersyukur adalah jalan pengundang datangnya karunia alloh yang belum ada pada diri kita. alloh swt. berfirman, “sesungguhnya jika kamu bersyukur, pasti kami akan menambah (nikmat) kepadamu, dan jika kamu mengingkari (nikmat/ku), maka sesungguhnya adzab/ku sangat pedih.” (qs. ibrohim [14]: 7) daripada sibuk memikirkan karunia yang belum kita miliki, apalagi sibuk dalam iri dengki karena melihat keberuntungan yang diperoleh orang lain, selain hanya menguras energi kita secara sia/sia, juga bisa menjerumuskan kita kepada kufur nikmat. lebih baik kita sibuk menikmati dan mensyukuri karunia alloh yang sudah ada di tangan kita. semakin kita bersyukur, semakin kita bahagia dan semakin bertambahlah karunia alloh untuk kita. aamiin yaa robbal ‘aalamiin."
"15/05/2016","14:53:34","AAGym","alloh swt. berfirman, “hai orang/orang yang beriman, bertaubatlah kepada alloh dengan taubatan nasuhaa (taubat yang semurni/murninya). mudah/mudahan robbmu akan menutupi kesalahan/kesalahanmu dan memasukkanmu ke dalam jannah yang mengalir di bawahnya sungai/sungai, pada hari ketika alloh tidak menghinakan nabi dan orang/orang mukmin yang bersama dia; sedang cahaya mereka memancar di hadapan dan di sebelah kanan mereka, sambil mereka mengatakan: “ya robb kami, sempurnakanlah b...agi kami cahaya kami dan ampunilah kami; sesungguhnya engkau maha kuasa atas segala sesuatu.” (qs. at tahriim [66] : 8) saudaraku, setiap manusia pasti melakukan kesalahan, tidak luput dari dosa. dan, manusia yang paling beruntung adalah manusia yang bertaubat atas dosa/dosanya dengan taubat yang sebenar/benarnya taubat (taubat nasuhaa). perlindungan alloh kepada kita dalam bentuk ampunan atas dosa/dosa kita dan dimasukkannya kita ke dalam surga, kuncinya adalah taubat nasuhaa sebagai puncaknya taubat. hasan al bashri r.a menerangkan bahwa taubat nasuhaa adalah menanamkan di dalam dada tekad bulat untuk menjauhi perbuatan dosa yang pernah dilakukan dan tidak pernah mengulanginya kembali. kita perlu taubat nasuhaa karena selain yang utama demi ampunan dan ridho alloh swt., juga karena keburukan yang kita lakukan apalagi berulang/ulang, itu pasti akan berbalik kepada diri kita sendiri. betapa besarnya bahaya yang mengancam kita jikalau kita tidak mentaubati dosa/dosa kita. tidak ada yang bahaya yang lebih besar selain dari dosa/dosa yang kita lakukan. semoga alloh swt. memberi kita hidayah dan kekuatan sehingga kita menjadi ahli taubat yang sebenar/benarnya taubat. aamiin yaa robbal ‘aalamiin.""
"15/05/2016","10:00:00","AAGym","jangan rusak kebersamaan oleh perkara remeh, fokus kepada hal yang baik dan positif serta bijak terhadap yang tak enak."
"15/05/2016","08:40:46","AAGym","saudaraku, setiap orang pasti akan menemui masalah dalam hidupnya. ringan atau beratnya suatu masalah bagi seseorang dipengaruhi oleh beberapa hal. pertama, cita/cita. kalau seseorang cita/citanya hanya duniawi saja, tanpa ada cita/cita akhirat, pasti masalah dalam hidup ini akan terasa sangat berat. bagi para pecinta dunia, meskipun sudah memiliki harta berlimpah, pangkat jabatan yang tinggi, popularitas yang luas, pasti hidupnya akan terasa berat. kedua, sandaran. hidup ini... akan terasa berat atau ringan tergantung kepada siapa kita bersandar. kalau bersandar kepada selain alloh, pasti berat. kita akan capek sendiri karena yang kita sandari hanyalah makhluk, yang lemah, tiada berdaya dan tak punya kekuasaan apa/apa. bersandar pada kekayaan, sesungguhnya harta kekayaan akan habis dan tak akan dibawa mati. bersandar kepada manusia, sesungguhnya manusia lemah, sangat terbatas. bersandarlah pada dzat yang maha kuasa atas segala/galanya, alloh swt. ketiga, pertolongan alloh. hidup akan berat kecuali ada pertolongan alloh swt. hanya atas pertolongan alloh/lah masalah sebesar apapun akan terasa ringan dihadapi. pertolongan alloh datang karena ketaatan dan kepasrahan kita kepada/nya. sedangkan, pertolongan alloh jauh karena kemaksiatan kita. salah satu jalan mengundang pertolongan alloh adalah dengan sabar dan sholat. alloh swt. berfirman, “hai orang/orang yang beriman, jadikanlah sabar dan sholat sebagai penolongmu, ssungguhnya alloh beserta orang/orang yang sabar.” (qs. al baqoroh [2] : 153) saudaraku, semoga kita termasuk orang/orang yang mampu menghadapi hidup ini dengan ringan, sebesar apapun masalah yang kita hadapi. dan, hal ini tiada bisa kita tempuh selain dengan mendekat terus kepada alloh yang maha menguasai langit, bumi dan segala apa yang ada."
"15/05/2016","08:36:45","AAGym","silakan simak ada dialog dengan sahabat aa bernama mas punto yang tunanetra dan lumpuh yang gigih karena yakin kepada alloh."
"14/05/2016","19:30:01","AAGym","informasi bagi sahabat/sahabat yang menggunakan smartphone android, bisa mendownload aplikasi aagym (tl media). insyaallah kumpulan tausiyah, audio, video, motivasi harian, dan informasi seputar kegiaat daarut tauhiid dapat dinikmati di aplikasi ini. silahkan download di https://goo.gl/i7xlw0 atau via playstore, cari aplikasi aagym (tl media)"
"14/05/2016","18:30:00","AAGym","rosululloh saw. seringkali mengulang/ulang doa ini, “ya muqollibal qulub tsabbit qolbi ‘alaa diinik (wahai dzat yang maha membolak/balikkan hati, teguhkanlah hatiku di atas agama/mu).” ummu salamah pernah menanyakan kepada rasulullah saw., kenapa doa tersebut sering beliau baca. rosululloh saw. bersabda, “wahai ummu salamah, yang namanya hati manusia selalu berada di antara jari/jemari alloh. siapa saja yang alloh kehendaki, maka alloh akan berikan keteguhan dalam iman. namun... siapa saja yang dikehendaki, alloh pun bisa menyesatkannya.” (hr. tirmidzi) saudaraku, mengapa kita perlu memanjatkan doa ini kepada alloh swt.? karena nikmat iman dan nikmat islam adalah karunia alloh kepada kita. sungguh sangat mudah bagi alloh untuk menarik kembali nikmat tersebut dari diri kita. mungkin ada yang bertanya, “mengapa alloh berbuat zholim dengan mengambil iman dan islam dari hati kita?!” sungguh alloh mustahil berbuat zholim kepada hamba/nya. iman dan islam bisa tercerabut dari hati kita disebabkan kita menganggap remeh dosa dan jauh dari taubat. na’udzubillaahi mindzalik! oleh karena itu, marilah kita deraskan doa kita kepada alloh, meminta kepada/nya agar dikuatkan iman dan islam  di dalam hati kita. diiringi dengan menjaga kualitas ibadah, menjauhi dosa dan segera bertaubat manakala iman kita goyah atau kita sempat tergoda syaitan untuk berbuat dosa. semoga alloh swt. senantiasa melimpahkan hidayah kepada kita dan memberi kita kekuatan untuk istiqomah di jalan/nya. aamiin yaa robbal ‘aalamiin."
"14/05/2016","13:51:07","AAGym","saudaraku, jikalau kita ingin selalu mendapat kebaikan dari alloh, maka kita harus berbaik sangka kepada/nya. karena alloh swt. berfirman dalam sebuah hadits qudsi, “aku adalah sebagaimana prasangka hambaku kepadaku,dan aku bersamanya ketika dia mengingat/ku..” (hr. bukhori, muslim, tirmidzi, ibnu majah) dan, alloh tidak mungkin ingkar janji. jadi, kalau kita menemui kenyataan yang tidak cocok dengan keinginan kita, dan itu sudah terjadi, maka tetaplah berbaik sangka kepada a...lloh yang telah memperkenankan peristiwa itu terjadi. karena alloh swt. juga berfirman, “..boleh jadi kamu membenci sesuatu, padahal ia amat baik bagimu, dan boleh jadi (pula) kamu menyukai sesuatu, padahal ia amat buruk bagimu; alloh mengetahui, sedang kamu tidak mengetahui.” (qs. al baqoroh [2] : 216) rahasia berbaik sangka inilah yang akan mengantarkan kita kepada sikap/sikap selalu berkata baik, berbuat baik, bekerja baik, berniat baik, dan mudah/mudahan mengantarkan kita juga meraih akhir yang baik, husnul khotimah. dan, segala kebaikan yang kita lakukan ini tidak akan kemana/mana balasannya melainkan akan kembali kepada diri kita sendiri."
"14/05/2016","10:39:00","AAGym","yang diperbudak pujian rela sengsara mencicil barang, padahal yang memuji tak pernah menyumbang untuk bayar cicilan."
"11/05/2016","07:31:00","AAGym","silahkan didownload buku &quot;7 wasiat rasulullah&quot; karya aagym. gratis... file format pdf, bisa dibaca di semua jenis smartphone."
"14/05/2016","10:00:00","AAGym","saudaraku, dalam dunia kesehatan ada istilah detoksifikasi, yaitu mengeluarkan racun/racun dari dalam tubuh. racun/racun di dalam tubuh bisa menimbulkan berbagai macam gangguan kesehatan. jika racun/racun ada di dalam tubuh apalagi bertambah, maka tubuh akan lemas, letih, lesu, mudah marah, tidak produktif dan berbagai dempak buruk lainnya. racun tubuh bisa terbuang melalui keringat, kotoran, dan sebagainya. semakin racun bisa terbuang dari tubuh, maka kita akan semakin sehat... dan semakin produktif dalam hidup. itu baru urusan fisik. bagaimana yang terjangkit racun itu adalah hati atau qolbu kita. kita harus benar/benar terampil mendeteksi keracunan yang satu ini. karena jikalau hati teracuni, maka timbul berbagai macam penyakit di dalamnya yang akan sangat merugikan. timbullah sombong, riya, ujub, iri, dengki, dan lain sebagainya yang bisa mencelakai diri kita sendiri dan orang lain. maka dari itu, penting bagi kita untuk disiplin memeriksa hati kita sendiri dan membersihkannya dari racun/racun yang bisa menimbulkan berbagai penyakit hati. bersihkanlah hati dengan istighfar, memohon ampunan alloh swt. bersihkan dengan taubat yang sungguh/sungguh sekecil apapun dosa yang kita lakukan. serta mendekat terus kepada alloh dengan menjaga amal ibadah kita. rosululloh saw. bersabda, “ketahuilah di dalam diri manusia ada segumpal daging, apabila segumpal daging itu baik maka baiklah diri manusia itu, akan tetapi bila segumpal daging itu rusak maka rusak pula diri manusia. ketahuilah bahwa sesungguhnya segumpal daging itu adalah hati.” (hr. bukhori dan muslim)."
"14/05/2016","06:14:00","AAGym","saudaraku, tidak sedikit orang yang melakukan general check/up di rumah sakit atau laboratorium, tujuannya untuk mengetahui masalah kesehatan yang terjadi di dalam tubuh dan mengetahui potensi masalah yang kemungkinan besar akan terjadi di dalam tubuh. penyakit yang sudah ada bisa langsung ditangani, sedangkan potensi penyakit bisa diantisipasi dan dicegah sedini mungkin. nah, akan tetapi jarang orang yang mau melakukan general check up ke dalam hatinya untuk kemudian members...ihkan penyakit/penyakit di dalam hatinya dan mencegah potensi peyakit. masalahnya adalah kalau penyakit yang terkait dengan tubuh kita, separah apapun, semua akan selesai dengan kematian. bahkan yang sehat pun akan selesai urusan lahirnya karena kematian. namun, penyakit hati tidak selesai dengan kematian, malah justru akan bertambah parah jikalau ketika kematian datang penyakit tersebut masih ada. waspadalah pada kondisi hati kita. sering/seringlah memeriksanya. jangan biarkan bibit/bibit penyakit sombong, riya, buruk sangka berkembang semakin besar karena sesungguhnya penyakit/penyakit ini akan menjadi sumber kesengsaraan baik di dunia maupun di akhirat. semoga alloh swt. melindungi kita dari bahaya/bahaya penyakit hati. aamiin yaa robbal ‘aalamiin."
"13/05/2016","19:30:00","AAGym","alloh swt. berfirman, “apa saja nikmat yang kamu peroleh adalah dari alloh, dan apa saja bencana yang menimpamu, maka dari (kesalahan) dirimu sendiri..” (qs. an nisaa [4] : 79) dalam ayat/nya yang lain alloh swt. berfirman, “dan apa saja musibah yang menimpa kamu maka adalah disebabkan oleh perbuatan tanganmu sendiri, dan alloh memaafkan sebagian besar (dari kesalahan/kesalahanmu).” (qs. asy suro [42] : 30) saudaraku, sesungguhnya alloh swt. sangat ingin kita, hamba/hamba/nya..., hidup selamat dan bahagia di dunia dan akhirat. oleh karena itu, alloh turunkan al quran secara sempurna, dan alloh utus pula para nabi dan rosul untuk secara langsung membimbing kita ke jalan/nya. alloh jelaskan mana yang halal dan mana yang haram, alloh terangkan pula mana amal/amal yang mengantarkan kepada kebahagiaan, dan mana amal/amal yang mengundang datangnya nestapa. alloh memerintahkan kita untuk tidak berbuat zholim, untuk membantu sesama dan menjauhkan diri dari perbuatan aniaya baik terhadap manusia, binatang maupun alam. semua itu adalah untuk kebaikan dan keselamatan kita sendiri, karena kebaikan akan kembali kepada pelakunya. namun, demikian juga sebaliknya, keburukan pun akan kembali kepada pelakunya. maka, ketika ada kepahitan menimpa diri kita, yang terpenting yang harus dilakukan adalah memeriksa ke dalam diri kita dan bertanya, dosa apa yang sudah kita lakukan dan belum ditaubati. demikian juga ketika ada bencana yang terjadi di sekitar kita atau bahkan menimpa kita, periksalah barangkali selama ini kita sudah zholim namun terlanjur dianggap biasa. alloh swt. mustahil zholim pada makhluk/nya. keburukan yang menimpa kita tiada lain adalah karena diundang oleh perbuatan kita sendiri. semoga alloh swt. senantiasa membimbing kita dan melindungi kita. aamiin yaa robbal ‘aalamiin."
"13/05/2016","18:30:00","AAGym","saudaraku, besar kecilnya suatu masalah tidaklah diukur dari bentuk masalahnya itu, akan tetapi diukur dari adakah pertolongan alloh atau tidak. kalau alloh swt. menolong, maka sebesar dan seberat apapun masalahnya, masalah tersebut akan menjadi kecil dan ringan. sedangkan jika alloh tidak menolong, maka seremeh apapun masalah maka ia akan terasa sangat besar dan berat. alloh swt. berfirman, “dialah yang menurunkan ketenangan ke dalam hati orang/orang yang beriman, supaya kei...manan mereka bertambah di samping keimanan mereka (yang telah ada).” (qs. al fath [48] : 4) seberat apapun masalah, mudah saja bagi alloh untuk menurunkan rasa tenang ke dalam hati kita, sehingga kita pun bisa lebih berpikir jernih dan bertindak rapi untuk menyelesaikan masalah dengan pertolongan/nya. karena seringkali yang membuat semakin rumit dan berat suatu masalah adalah keadaan hati kita yang tidak ridho, kurang syukur, jauh dari tafakur. kita sangat memerlukan pertolongan alloh. karena segala hal ada dalam genggaman/nya, termasuk masalah yang menimpa kita, itu ada dalam kekuasaan alloh termasuk juga jalan keluarnya. maka, marilah kita senantiasa memperbaiki diri, mendekat kepada/nya dan melakukan amal/amal yang mengundang datangnya pertolongan alloh, sehingga setiap masalah yang menimpa kita menjadi terasa ringan dan mudah didapatkan jalan keluarnya. wallohu a’lam bishowab."
"13/05/2016","10:00:00","AAGym","saudaraku, setiap urusan dalam hidup kita haruslah menjadi ladang amal bagi kita. karena tujuan alloh menciptakan kita adalah untuk beribadah kepada/nya. termasuk dalam urusan bisnis kita. apalagi bisnis merupakan karunia alloh yang wajib disyukuri. mensyukuri bisnis adalah dengan berlaku jujur dan profesional. jujurlah dalam menyampaikan kondisi produk yang kita tawarkan, tak perlu melebih/lebihkan apalagi dibumbui dengan dusta. karena selain mengundang dosa, dusta juga akan... mengecewakan konsumen karena ternyata produk atau jasa yang diterima tidak seperti yang kita tawarkan. jika sudah demikian, kita akan mengalami double kerugian, kerugian karena dosa dan kerugian karena konsumen tidak lagi menggunakan produk kita. tidak perlu iri dengki dengan orang lain yang menjual produk seperti kita. apalagi sampai berusaha menjelek/jelekkan dan menjatuhkannya. keberadaannya semestinya kita sikapi dengan fastabiqul khoirot, berlomba dalam kebaikan, sehingga menjadi motivasi bagi kita untuk meningkatkan kualitas produk dan pelayanan. lakukanlah bisnis dengan prinsip/prinsip dan sikap/sikap yang alloh sukai. bukan hanya besarnya keuntungan semata yang menjadi target, melainkan keridhoan alloh swt. sehingga bisnis kita menjadi berkah, tidak hanya mendatangkan keuntungan di dunia tapi juga keuntungan di akhirat. aamiin yaa robbal ‘aalamiin."
"13/05/2016","06:15:00","AAGym","saudaraku, mudah/mudahan kita termasuk orang/orang yang bisa bersikap dewasa meski usia belum termasuk tua. karena salah satu ciri dari akhlakul karimah itu adalah berpikiran dan bersikap dewasa. sikap yang dewasa itu tidak tergantung kepada umur. ada yang umurnya masih muda, tapi caranya berpikir dan bertindak matang dan dewasa, sehingga dia menjadi bagian dari keindahan akhlak. dan, tidak sedikit juga orang yang usianya sudah termasuk tua, tapi cara berpikir dan bertindakny...a masih kekanak/kanakan. kalau anak kecil bersikap sebagaimana laiknya anak kecil, itu lucu. tapi kalau orang dewasa bersikap kekanak/kanakan, itu menjengkelkan. orang yang berpikir dan bersikap dewasa itu bukan berarti kaku, melainkan cara berpikir dan bertindaknya selalu penuh manfaat, mengandung makna. senantiasa bisa menempatkan diri saat bersikap, dan menjauhkan diri dari hal/hal yang tidak berguna apalagi mengandung keburukan. rosululloh saw. adalah pribadi yang dewasa. bahkan sejak masa kanak/kanak kedewasaannya sudah nampak, sikapnya santun dan penuh kemandirian. tidak ada seorangpun yang mengenal beliau kecuali memiliki penilaian yang baik tentang beliau. semoga kita termasuk umat nabi muhammad saw. yang senantiasa meneladani kemuliaan akhlak beliau. aamiin yaa robbal ‘aalamiin."
"12/05/2016","19:35:00","AAGym","setiap orang pasti ingin sukses. namun, sukses seperti apa? banyak orang beranggapan bahwa sukses itu dicirikan dengan harta kekayaan yang berlimpah, mobil yang mewah, jabatan yang mentereng, gelar yang berderet/deret atau popularitas yang luas. inikah kesuksesan itu? saudaraku, sukses dalam pandangan manusia itu belum tentu sukses dalam pandangan alloh swt. tapi, sukses dalam pandangan alloh pasti sukses di dunia dan akhirat. lalu sukses dalam pandangan alloh itu seperti apa...? alloh swt. berfirman, “..sesungguhnya orang yang paling mulia diantara kamu di sisi alloh ialah orang yang paling taqwa di antara kamu. sesungguhnya alloh maha mengetahui lagi maha mengenal.” (qs. al hujurot [49] : 13) lalu seperti apa orang yang takwa itu? takwa itu cirinya adalah akhlak mulia. karena akhlak mulia merupakan buah dari akidah yang kokoh dan ibadah yang lurus kepada alloh swt. sesuai petunjuk rosululloh saw. akhlak mulia merupakan tujuan dari diutusnya nabi muhammad saw. ke tengah/tengah umat manusia. sehingga percuma kalau banyak ilmu tapi akhlaknya buruk. sia/sia saja kalau banyak harta tapi akhlaknya tercela. tak berguna popularitas jika akhlaknya tak patut ditiru. maka, milikilah akhlak mulia karena inilah ciri dari kesuksesan seseorang di hadapan alloh swt. semoga kita termasuk orang/orang yang sukses sejati, kesuksesan yang tak terbatas di dunia saja melainkan juga di akhirat kelak. aamiin yaa robbal ‘aalamiin."
"12/05/2016","18:34:01","AAGym","saudaraku, semua kita ingin berubah menjadi lebih baik lagi. namun, dari mana kita harus memulai dan bagamana? mulailah dari sholat kita. perhatikan sholat kita dan periksa apa yang masih kurang, apa yang masih keliru dan beliu kita jalankan dengan serius. karena, ada sebagian orang, bisa jadi termasuk diri kita, yang masih lalai dalam sholatnya. hanya gerakan/gerakan yang kurang dinikmati. hanya bacaan/bacaan yang juga kurang dimaknai. bahkan, boleh jadi ada orang yang melak...sanakan sholat tanpa mengerti apa maksud sholat sebenarnya. nah, sebagai makhluk yang lemah dan tempatnya salah serta lupa, bisa jadi kita mengalami hal/hal ini. oleh karena itu, marilah kita terus memperbaiki kualitas sholat kita. alloh swt. berfirman, “sesungguhnya beruntunglah orang/orang yang beriman, (yaitu) orang/orang yang khusyu’ dalam sholatnya.” (qs. al mu’minun [23] : 1/2) alloh swt. juga berfirman, “bacalah apa yang telah diwahyukan kepadamu, yaitu al quran dan dirikanlah sholat. sesungguhnya sholat itu mencegah dari (perbuatan/ perbuatan) keji dan mungkar..” (qs. al ankabut [29] : 45) jadi, kita akan menjadi pribadi yang lebih baik, sukses dan bahagia manakala khusyu dalam sholatnya. bisakah kita khusyu? coba perhatikan, biasanya kita akan sangat fokus dan serius manakala mengerjakan sesuatu yang penting atau yang kita gemari. nah, lalu mengapa kita tidak bisa khusyu, fokus, ketika sholat, padahal sholat adalah urusan yang jauh lebih penting dari segala urusan di dunia ini. semakin khusyu, fokus, berkualitas sholat kita, maka akan semakin baik kualitas diri kita. semakin terpelihara sikap kita dan semakin mulia akhlak kita. marilah kita senantiasa berjuang, bersunggung/sungguh melakukan perubahan ke arah yang lebih baik, dengan dimulai dari memperbaiki sholat kita. wallohua’lam bishowab."
"12/05/2016","10:00:00","AAGym","informasi bagi sahabat/sahabat yang menggunakan smartphone android, bisa mendownload aplikasi aagym (tl media). insyaallah kumpulan tausiyah, audio, video, motivasi harian, dan informasi seputar kegiaat daarut tauhiid dapat dinikmati di aplikasi ini. silahkan download di https://goo.gl/i7xlw0 atau via playstore, cari aplikasi aagym (tl media)"
"12/05/2016","06:10:00","AAGym","setiap orang pasti ingin sukses. namun, sukses seperti apa? banyak orang beranggapan bahwa sukses itu dicirikan dengan harta kekayaan yang berlimpah, mobil yang mewah, jabatan yang mentereng, gelar yang berderet/deret atau popularitas yang luas. inikah kesuksesan itu? saudaraku, sukses dalam pandangan manusia itu belum tentu sukses dalam pandangan alloh swt. tapi, sukses dalam pandangan alloh pasti sukses di dunia dan akhirat. lalu sukses dalam pandangan alloh itu seperti apa...? alloh swt. berfirman, “..sesungguhnya orang yang paling mulia diantara kamu di sisi alloh ialah orang yang paling taqwa di antara kamu. sesungguhnya alloh maha mengetahui lagi maha mengenal.” (qs. al hujurot [49] : 13) lalu seperti apa orang yang takwa itu? takwa itu cirinya adalah akhlak mulia. karena akhlak mulia merupakan buah dari akidah yang kokoh dan ibadah yang lurus kepada alloh swt. sesuai petunjuk rosululloh saw. akhlak mulia merupakan tujuan dari diutusnya nabi muhammad saw. ke tengah/tengah umat manusia. sehingga percuma kalau banyak ilmu tapi akhlaknya buruk. sia/sia saja kalau banyak harta tapi akhlaknya tercela. tak berguna popularitas jika akhlaknya tak patut ditiru. maka, milikilah akhlak mulia karena inilah ciri dari kesuksesan seseorang di hadapan alloh swt. semoga kita termasuk orang/orang yang sukses sejati, kesuksesan yang tak terbatas di dunia saja melainkan juga di akhirat kelak. aamiin yaa robbal ‘aalamiin."
"11/05/2016","19:32:00","AAGym","saudaraku, semua kita ingin berubah menjadi lebih baik lagi. namun, dari mana kita harus memulai dan bagamana? mulailah dari sholat kita. perhatikan sholat kita dan periksa apa yang masih kurang, apa yang masih keliru dan beliu kita jalankan dengan serius. karena, ada sebagian orang, bisa jadi termasuk diri kita, yang masih lalai dalam sholatnya. hanya gerakan/gerakan yang kurang dinikmati. hanya bacaan/bacaan yang juga kurang dimaknai. bahkan, boleh jadi ada orang yang melak...sanakan sholat tanpa mengerti apa maksud sholat sebenarnya. nah, sebagai makhluk yang lemah dan tempatnya salah serta lupa, bisa jadi kita mengalami hal/hal ini. oleh karena itu, marilah kita terus memperbaiki kualitas sholat kita. alloh swt. berfirman, “sesungguhnya beruntunglah orang/orang yang beriman, (yaitu) orang/orang yang khusyu’ dalam sholatnya.” (qs. al mu’minun [23] : 1/2) alloh swt. juga berfirman, “bacalah apa yang telah diwahyukan kepadamu, yaitu al quran dan dirikanlah sholat. sesungguhnya sholat itu mencegah dari (perbuatan/ perbuatan) keji dan mungkar..” (qs. al ankabut [29] : 45) jadi, kita akan menjadi pribadi yang lebih baik, sukses dan bahagia manakala khusyu dalam sholatnya. bisakah kita khusyu? coba perhatikan, biasanya kita akan sangat fokus dan serius manakala mengerjakan sesuatu yang penting atau yang kita gemari. nah, lalu mengapa kita tidak bisa khusyu, fokus, ketika sholat, padahal sholat adalah urusan yang jauh lebih penting dari segala urusan di dunia ini. semakin khusyu, fokus, berkualitas sholat kita, maka akan semakin baik kualitas diri kita. semakin terpelihara sikap kita dan semakin mulia akhlak kita. marilah kita senantiasa berjuang, bersunggung/sungguh melakukan perubahan ke arah yang lebih baik, dengan dimulai dari memperbaiki sholat kita. wallohua’lam bishowab."
"11/05/2016","18:31:00","AAGym","saudaraku, islam mengajarkan bahwa tangan di atas lebih baik daripada tangan di bawah. maka, sebisa mungkin upayakan untuk tidak meminta/minta kepada orang lain. pantang berharap orang lain berbelas kasihan kepada kita. sikap yang begini disebut dengan toma. alloh swt. berfirman, “(berinfaqlah) kepada orang/orang fakir yang terikat (oleh jihad) di jalan alloh; mereka tidak dapat (berusaha) di bumi; orang yang tidak tahu menyangka mereka orang kaya karena memelihara diri dari ...minta/minta. kamu kenal mereka dengan melihat sifat/sifatnya, mereka tidak meminta kepada orang secara mendesak. dan apa saja harta yang baik yang kamu nafkahkan (di jalan alloh), maka sesungguhnya alloh maha mengatahui.” (qs. al baqoroh [2] : 273) sehebat apapun kita, jika tangan kita sudah di bawah, maka akan turun kehormatan kita. semakin sering kita meminta/minta, akan semakin turun pula kehormatan kita. meskipun seseorang punya jabatan tinggi, tapi kerjaannya meminta/minta jatah uang yang bukan haknya, maka jabatan tinggi itu sia/sia saja karena kehormatannya sangat rendah. tidak ada ceritanya peminta/peminta itu berwibawa. jauhilah sikap toma, berharap/harap diberi oleh orang lain. jagalah kehormatan diri. milikilah semangat untuk bisa memberi pada orang lain. dan, cukupkanlah diri dengan ikhtiar dan tawakal kepada alloh swt. rosululloh saw. bersabda, “siapa merasa cukup, alloh mencukupkannya. siapa memelihara diri (dari meminta/minta), maka alloh pun memeliharanya.” (hr. bukhori, muslim, ahmad) semoga kita termasuk hamba/hamba alloh yang terjaga kehormatannya, jauh dari sikap toma. aamiin yaa robbal ‘aalamiin."
"11/05/2016","10:00:00","AAGym","alloh swt. berfirman, “(yaitu) orang/orang yang beriman dan hati mereka manjadi tentram dengan mengingat alloh. ingatlah, hanya dengan mengingati alloh/lah hati menjadi tentram.” (qs. ar ro’du [13] : 28) ada orang yang bertanya, “mengapa saya sudah berdzikir tapi hati masih tidak tenang?!” boleh jadi dzikirnya baru sebatas cangkang, belum kepada isi. boleh jadi dzikirnya baru hanya gerakan atau ucapan, tidak meresap di dalam hati. boleh jadi dzikirnya baru lisan, tidak menjad...i keyakinan. seperti sholat. sholat adalah bentuk dzikir kepada alloh swt. akan tetapi tidak sedikit, bahkan mungkin termasuk diri kita, yang sholat hanya sebatas gerakan dan bacaan saja, sedangkan hati dan pikiran ada di tempat lain, mungkin di tempat kerja atau usaha kita. tidak heran jika kita sering lupa sudah rokaat berapa, lupa tahiyat awal terlewat. sholat adalah memuji alloh, tapi kita tidak ingat kalau kita sedang memuji alloh. saat sujud, tubuh kita bersujud, tapi hati kita entah kemana. maasyaa alloh. padahal alloh maha mengetahui semuanya, alloh melihat fisik kita, mendengar lisan kita, dan mengetahui apa yang terbersit di dalam hati dan pikiran kita. oleh karena itu, tidak heran pula kalau setelah sholat hati kita tetap gersang, tidak terasa ketenangan. itulah jikalau dzikir hanya sebatas cangkang, belum kepada isi. maka saudaraku, ketenangan hanya akan hadir jika hati dan pikiran kita senantiasa ingat kepada alloh. dzikir yang terucap dari lisan dan perbuatan kita adalah benar/benar terlahir dari dzikir di dalam diri kita. semoga kita termasuk hamba/hamba alloh yang senantiasa ingat kepada/nya. aamiin yaa robbal ‘aalamiin."
"11/05/2016","06:15:00","AAGym","saudaraku, sesungguhnya setiap lirikan, setiap tatapan, ada dalam pengetahuan alloh swt. saat diam/diam mata kita mencuri/curi kesempatan untuk melihat sesuatu yang bukan haknya, maka kita mungkin berhasil sembunyi dari pengetahuan manusia, namun tidak bisa sembunyi dari pengetahuan alloh swt. untungnya, alloh maha pengasih, tidak setiap perbuatan maksiat langsung alloh jatuhi hukuman secara kontan. jika ini yang terjadi, tentu sudah hancur diri kita ini karena begitu banyakn...ya dosa/dosa yang dilakukan oleh mata kita mata adalah gerbang masuknya berbagai informasi dari luar ke dalam hati dan pikiran kita. semakin dibiarkan mata kita melihat hal/hal yang bukan haknya, maka akan semakin banyak keburukan yang mengendap di dalam hati kita. sedangkan, semakin banyak kebaikan yang disaksikan mata ini, maka akan semakin kaya pula hati kita dengan kebaikan. maka, ada yang mengatakan bahwa mata adalah jendela jiwa.      oleh karena itu saudaraku, marilah kita senantiasa menjaga pandangan mata agar selamat dari keburukan. latihlah selalu mata kita untuk bisa menghindar dari hal/hal yang bukan haknya untuk dilihat. marilah senantiasa menjaga mata kita untuk hanya melihat pada urusan yang alloh ridhoi. sehingga hati kita senantiasa bersih dan istiqomah di jalan alloh swt.  http://www.smstauhiid.com/aagym/menjaga/penglihatan/"
"10/05/2016","20:40:53","AAGym","http://www.smstauhiid.com/hiduplah/dengan/tujuan/saudaraku, mengapa rosululloh saw. demikian kuat menghadapi berbagai macam kepahitan yang menimpa beliau? mengapa pula para sahabat rosul saw. begitu tangguh menjalani kehidupan dengan berbagai tempaan yang berat? yang membuat rosul saw. dan para sahabat begitu kuat adalah karena punya tujuan hidup yang jelas. punya cita/cita yang terang benderang, mau kemana hidup ini. ketika seseorang punya tujuan kuat ingin menjadi dokter sp...esialis, maka akan semakin gigih belajarnya, makin disiplin kuliahnya. saat seseorang punya cita/cita kuat ingin tinggi karirnya, posisinya di kantornya, maka akan semakin ulet bekerjanya, semakin semangat dalam berkarya. begitu dahsyat pengaruh tujuan dalam hidup seseorang. semakin tinggi, semakin agung, semakin besar tujuan hidupnya, maka akan semakin ringan ia menjalani hidup ini. meskipun ujian demi ujian, kepahitan demi kepahitan datang bertubi/tubi. nah, tujuan hidup rosululloh saw. bersama para sahabat adalah perjumpaan dengan alloh swt. dan, rosul saw. mengerti semua perjuangan hidup ini ada hitungannya di sisi alloh swt., tidak ada yang sia/sia sedikitpun. oleh karena itu, jika kita merasa menderita dalam hidup ini, tanyalah pada diri sendiri apakah tujuan hidup kita, apakah cita/cita kita. jadikanlah alloh sebagai tujuan hidup kita. tiada yang lebih agung, lebih mulia, lebih besar daripada alloh swt. kejarlah ridho dan cinta/nya. karena semakin kita gigih mengejar ridho alloh dan cinta/nya, akan semakin ringan hidup kita, semakin mudah dan semakin bahagia. insyaa alloh."
"10/05/2016","19:34:00","AAGym","ikhlas itu masti kita jaga pada tiga waktu. pertama, adalah ketika kita hendak beramal. kondisikan dulu hati untuk lurus hanya mengharapkan penilaian alloh swt. mantapkan hati agar benar/benar bersih dari unsur ujub, riya, sum’ah. ini penting karena betapa licinnya dan halusnya syaitan menggoda kita agar hati kita tergelincir. padahal baik buruknya, benar salahnya setiap urusan kita adalah diawali dari baik buruknya, benar salahnya hati. kedua, adalah ketika beramal. boleh ja...di ketika kita melakukan amal kebaikan, tiba/tiba datanglah pujian, sanjungan dari orang lain. tentu siapapun akan senang jika mendapat pujian dan sanjungan. tapi, di sinilah terdapat celah yang rentan membuat kita terlena dan terbuai sehinga merasa diri hebat dan lupa kepada dzat yang telah memberi kita kekuatan, alloh swt. maka, perlu kita untuk bermujahadah menjaga niat yang sudah kita tekadkan sejak awal. sehingga kita bisa istiqomah dalam keikhlasan. ketiga, setelah beramal. mungkin ada penghargaan dari orang lain atas prestasi kita. atau bahkan boleh jadi tidak ada yang memuji, menyanjung kita, malah yang ada justru orang yang tidak menghargai amal kita. nah, di sinilah hati kita diuji. hati bisa terbuai oleh penghargaan dari manusia, dan hati juga bisa goyah saat ada yang merendahkan kita. bagi orang yang hatinya lurus lillaahita’ala, segala bentuk penilaian manusia itu tidaklah ada apa/apanya dibandingkan penilaian alloh swt. jika dipuji, maka ia akan memuji alloh dan menyerahkan pujian tersebut kepada alloh. sedangkan jika dia dihina, direndahkan, maka ia akan beristighfar, memohon ampunan alloh karena boleh jadi itu adalah ujian agar dirinya bisa memperbaiki diri dan bersandar hanya kepada alloh semata."
"10/05/2016","18:32:01","AAGym","alloh swt. berfirman, “padahal mereka tidak disuruh kecuali supaya menyembah alloh dengan memurnikan ketaatan kepada/nya dalam (menjalankan) agama yang lurus, dan supaya mereka mendirikan sholat dan menunaikan zakat; dan yang demikian itulah agama yang lurus.” (qs. al bayyinah [98] : 5) saudaraku, jika kita beramal kebaikan karena mengharapkan penghargaan makhluk, maka siap/siaplah untuk kecewa. kenapa? karena sesungguhnya makhluk itu lemah, tidak berdaya, hatinya mudah berub...ah. sungguh sangat mudah bagi alloh untuk membolak/balikkan hati manusia dari yang awalnya suka menjadi tidak suka, dari yang asalnya cinta menjadi tidak cinta. dan, jika ini sudah terjadi maka kita tidak bisa apa/apa selain merasakan kekecewaan. oleh karena itu, kalau kita merasakan kecewa karena suatu kejadian, segera periksa ke dalam hati, apakah yang mendominasi hati kita. nama siapakah yang memenuhi hati kita. jika hati kita dipenuhi dengan nama makhluk, setiap saat hanya dia yang kita ingat, setiap perbuatan hanya demi dia, maka inilah sumber kekecewaan itu. sedangkan jika hati kita dipenuhi dengan nama alloh, setiap tujuan dari amal kita adalah alloh, niscaya hati kita tetap tenang, sepahit apapun kenyataan yang kita hadapi. maka, penting bagi kita untuk istiqomah menjaga niat beramal hanya lillaahi ta’ala. niatkan setiap kebaikan hanya mengharap penilaian dari alloh semata. tepiskan bisikan/bisikan syaitan yang selalu menghasut kita untuk riya. yakinlah bahwa alloh maha kuasa, lurus saja mengharapkan ridho/nya. insyaa alloh, alloh akan gerakkan setiap apapun untuk kebaikan kita."
"10/05/2016","13:33:01","AAGym","informasi bagi sahabat/sahabat yang menggunakan smartphone android, bisa mendownload aplikasi aagym (tl media). insyaallah kumpulan tausiyah, audio, video, motivasi harian, dan informasi seputar kegiaat daarut tauhiid dapat dinikmati di aplikasi ini. silahkan download di https://goo.gl/i7xlw0 atau via playstore, cari aplikasi aagym (tl media)"
"10/05/2016","12:52:33","AAGym","alloh adalah al hamiid , dzat yang maha terpuji. al hamiid tersusun dari huruf ha, mim, dal. kata yang terangkai dengan tiga huruf ini memiliki arti terpuji, lawan dari tercela. ‘muhammad’ adalah nama yang memiliki rangkaian tiga huruf tersebut dan berarti orang yang diciptakan alloh tidak memiliki cela. kata al hamiid terulang sebanyak 17 (tujuhbelas) kali di dalam al quran, 10 diantaranya berdampingan dengan asma alloh yang lain yaitu al ghoniy, alloh yang maha kaya. dari h...al ini dipahami bahwa alloh maha terpuji, namun segala pujian dari makhluk kepada alloh tidaklah berpengaruh apa/apa bagi/nya. sedikitpun tidak menambah keagungan/nya, kemulyaan/nya dan kekuasaan/nya karena alloh maha kaya, tidak memerlukan apapun dari makhluk/nya. jadi jika kita memuji alloh, maka kebaikannya hanya kembali kepada kita saja. tidak bertambah keagungan alloh karena pujian kita. juga tidak berkurang keagungan alloh karena kadurhakaan makhluk kepada/nya. alloh swt. berfirman, “dan sesungguhnya telah kami berikan hikmah kepada luqman, yaitu: “bersyukurlah kepada alloh. dan barangsiapa yang bersyukur (kepada alloh), maka sesungguhnya ia bersyukur untuk dirinya sendiri; dan barangsiapa yang tidak bersyukur, maka sesungguhnya alloh maha kaya lagi maha terpuji”. (qs. luqman [31] : 12) http://www.smstauhiid.com/alloh/maha/terpuji/2/"
"05/05/2016","09:10:00","AAGym","saudaraku, setiap hari setiap pagi dan setiap saat kita menikmati rezeki yang begitu berlimpah dari alloh swt. jika kita tafakuri bagaimana rezeki itu sampai ke tangan kita, maka betapa kita akan mendapatkan hikmah yang luar biasa. karena perjalanan rezeki itu sangat kompleks, tidak terkejar oleh akal kita, dan tidak sesederhana apa yang terlihat oleh mata. satu contoh sederhana misalnya sambal. betapa kompleks sambal yang kita nikmati itu. dari mana cabenya, bagaimana proses... tanam hingga panennya. bagaimana pula alloh mengatur sedemikian rupa tanaman cabe itu tumbuh dan selamat dari hama. kemudian, berjumpa dengan gula, garam, bawang merah dan bawang putih. dan akan semakin kompleks jikalau kita telusuri pula satu/persatu perjalanan setiap bahan/bahan tersebut. maasyaa alloh. alloh swt. berfirman, “dan berapa banyak binatang yang tidak (dapat) membawa (mengurus) rezekinya sendiri. alloh/lah yang memberi rezeki kepadanya dan kepadamu dan dia maha mendengar lagi maha mengetahui.” (qs. al ankabut [29] : 60) barangkali kita setiap makan hanya sempat berpikir bagaimana rasa makanan itu, penampilan makanan itu, harganya, dan bagaimana menghabiskannya. namun, jikalau kita lihat lebih dalam lagi, akan nampaklah kasih sayang alloh yang pasti akan membuat hati kita luluh karena tak dapat menyangkal betapa karunia alloh itu tidak terhingga."
"10/05/2016","10:04:00","AAGym","ketika kita diberi pinjaman atau direstui saat melamar, bagaimanakah wujud kegembiraan kita terhadap orang yang memberi tersebut? apakah menjadi sangat baik sam...pai bersedia melakukan apapun dan berlebihan kepadanya? namun bagaimana sebaliknya, jika pengajuan pinjaman atau lamaran kita ditolak? apakah kita akan kecewa, sakit hati, marah, bahkan dendam? apabila jawabannya iya, itu menandakan kalau kita masih kekanak/kanakan dalam ketauhidan. kita masih menganggap mahluk sebagai penentu. padahal, setiap pemberian dan penolakan adalah allah ta&#039;ala yang menggerakan. &quot;apabila engkau diberi merasa gembira karena pemberian, dan jika ditolak merasa sedih karena penolakan, maka ketahuilah yang demikian itu masih ada tanda/tanda dari sifat kekanak/kanakan padamu; dan belum bersungguh/sungguh dalam sifat kehambaanmu kepada allah.&quot; (al/hikam, no. 158). jadi, kalau diberi sesuatu, gembiralah karena yakin pemberian itu dari allah ta&#039;ala. adanya pemberian sepatutnya membuat kita semakin yakin bahwa allah adalah zat yang maha menggerakan. maka, hanya kepada/nya kita memohon dan berharap. kalau kita hanya gembira terhadap barang pemberian dan orang yang memberi, berarti kita masih berharap kepada mahluk. hal inilah yang akan membuat kita kecewa, sakit hati dan dendam ketika tidak diberi. dikutip dari buku &quot;ikhtiar meraih ridha allah&quot; bab pemberian dan penolakan. karya kh. abdullah gymnastiar. silahkan dipesan melalui sms/whatsapp : +6282120022002."
"10/05/2016","08:23:01","AAGym","alloh swt. berfirman, “padahal mereka tidak disuruh kecuali supaya menyembah alloh dengan ikhlas dalam (menjalankan) agama yang lurus, dan supaya mereka mendirikan sholat dan menunaikan zakat; dan yang demikian itulah agama yang lurus.” (qs. al bayyinah [98] : 5) ikhlas itu terletak di dalam hati. ikhlas itu bukan perkara mulut, melainkan perkara hati. orang yang ikhlas dalam beramal, maka dia akan mendapatkan karunia bahkan sebelum pahala ia rasakan. yaitu, ia akan merasakan... nikmatnya dalam beramal. alloh yang menghadirkan kenikmatan tersebut di dalam hatinya. sedangkan orang yang tidak ikhlas dalam beramal, maka ia akan merasakan ketidakenakan sejak ia melakukan amal tersebut. hatinya akan resah, tidak nyaman. sholat tidak enak, sedekah tidak enak, tadarus al quran tidak enak, menolong orang tidak enak. kenapa bisa demikian? karena alloh maha mengetahui bahwa ia beramal bukan untuk/nya, melaikan untuk mencari penilaian makhluk. orang yang ikhlas akan semakin baik dari waktu ke waktu. boleh jadi amalnya tidak besar dalam pandangan manusia, amalnya mungkin amal yang sederhana. akan tetapi hatinya kuat lillaahi ta’ala, lurus ikhlas hanya mengejar keridhoan alloh semata. berbeda dengan orang yang tidak ikhlas, ketika pujian atau penghargaan yang ia harapkan dari makhluk tidak datang, maka akan menyusut amalnya bahkan hilang. setiap amal kebaikan yang dilakukan dengan ikhlas, akan membuat kualitas dirinya semakin meningkat, akhlaknya semakin mulia, semakin menuju kepada kesempurnaan. semoga kita termasuk hamba/hamba alloh yang ikhlas dalam beramal. aamiin yaa robbal ‘aalamiin."
"10/05/2016","06:10:00","AAGym","alloh swt. berfirman, “jadikanlah sabar dan sholat sebagai penolongmu. dan, sesungguhnya yang demikian itu sungguh berat, kecuali bagi orang/orang yang khusyu’.” (qs. al baqoroh [2]: 45) sholat adalah dzikir yang paling sempurna. sholat adalah dzikir yang menghadap kiblat. sholat adalah dzikir yang menggunakan wudhu. sholat adalah dzikir yang kumplit : takbir, tahmid, tasbih, tahlil. dalam sholat ada al fathihah dan ayat/ayat lainnya dari al quran. dalam sholat ada banyak ran...gkaian doa kepada alloh swt. oleh karena itu, barangsiapa yang ingin urusannya dibereskan oleh alloh, perbaikilah sholatnya. bermain/main dengan sholat berarti kita bermain/main dengan pertolongan alloh. salah satu dari doa/doa yang terkandung di dalam sholat adalah, “ihdinashshirootol mustaqiim (tunjukilah kami kepada jalan yang lurus)”. kita memohon kepada alloh petunjuk menuju jalan yang lurus, jalan keselamatan, jalan kebahagiaan yang sejati. nah, setiap kali kita mengucapkan doa ini, baik kita sedang khusyu ataupun tidak, alloh pasti mendengarnya. tujuh belas kali dalam satu hari, yaitu dalam sholat fardhu, kita memanjatkan doa ini kepada alloh. petunjuk alloh adalah urusan yang sangat berharga. hanya dengan petunjuk/nya kita bisa mengarungi kehidupan di dunia ini dengan selamat. hanya dengan pertunjuk/nya pula kita bisa melewati setiap permasalah hidup seberat apapun, sehingga terang/benderang dengan jalan keluar."
"09/05/2016","19:34:00","AAGym","informasi bagi sahabat/sahabat yang menggunakan smartphone android, bisa mendownload aplikasi aagym (tl media). insyaallah kumpulan tausiyah, audio, video, motivasi harian, dan informasi seputar kegiaat daarut tauhiid dapat dinikmati di aplikasi ini. silahkan download di https://goo.gl/i7xlw0 atau via playstore, cari aplikasi aagym (tl media)"
"09/05/2016","18:38:01","AAGym","alloh swt. berfirman, “yang mempunyai kerajaan langit dan bumi; dan allah maha menyaksikan segala sesuatu.” (qs. al buruj [85] : 9) dalam ayat/nya yang lain alloh swt. berfirman, “..dan cukuplah allah menjadi saksi.” (qs. an nisaa [4] : 79) masih banyak ayat/ayat al quran yang menerangkan bahwa sesungguhnya alloh maha melihat dan maha menyaksikan. tidak ada yang luput dari penglihatan alloh swt., baik yang kecil, yang besar, yang tersembunyi, yang terang benderang, yang jelas..., yang rahasia. alloh swt. menyaksikan seluruhnya tak ada yang luput walau sekecil apapun. terang dan gelap sama saja bagi alloh. jauh dan dekat tidak ada bedanya bagi alloh. jadi jika ada orang melakukan sesuatu secara sembunyi/sembunyi, sebetulnya ia hanya sembunyi/sembunyi dari makhluk. alloh swt. berfirman, “dan rahasiakanlah perkataanmu atau lahirkanlah; sesungguhnya dia maha mengetahui segala isi hati.” (qs. al mulk [67] : 13) oleh karena itu, puncak kebahagiaan adalah puasnya hati hanya dengan pangawasan dan penglihatan alloh swt. sebaliknya, penderitaan terbesar itu adalah sibuknya hati dengan penglihatan dan penilaian makhluk."
"09/05/2016","17:43:07","AAGym","saudaraku, jikalau kita ingin selalu mendapat kebaikan dari alloh, maka kita harus berbaik sangka kepada/nya. karena alloh swt. berfirman dalam sebuah hadits qudsi, “aku adalah sebagaimana prasangka hambaku kepadaku,dan aku bersamanya ketika dia mengingat/ku..” (hr. bukhori, muslim, tirmidzi, ibnu majah) dan, alloh tidak mungkin ingkar janji. jadi, kalau kita menemui kenyataan yang tidak cocok dengan keinginan kita, dan itu sudah terjadi, maka tetaplah berbaik sangka kepada a...lloh yang telah memperkenankan peristiwa itu terjadi. karena alloh swt. juga berfirman, “..boleh jadi kamu membenci sesuatu, padahal ia amat baik bagimu, dan boleh jadi (pula) kamu menyukai sesuatu, padahal ia amat buruk bagimu; alloh mengetahui, sedang kamu tidak mengetahui.” (qs. al baqoroh [2] : 216) rahasia berbaik sangka inilah yang akan mengantarkan kita kepada sikap/sikap selalu berkata baik, berbuat baik, bekerja baik, berniat baik, dan mudah/mudahan mengantarkan kita juga meraih akhir yang baik, husnul khotimah. dan, segala kebaikan yang kita lakukan ini tidak akan kemana/mana balasannya melainkan akan kembali kepada diri kita sendiri."
"09/05/2016","10:10:00","AAGym","yang paling menyengsarakan sebetulnya bukan semata biaya hidup , melainkan gaya hidup."
"09/05/2016","06:10:00","AAGym","saudaraku, amarah adalah hal yang hendaknya bisa kita kendalikan dan kita redam. karena itu rosululloh saw. memberikan petunjuk kepada kita bagaimana kiat untuk mengendalikan amarah. ada beberapa tipe orang marah yang perlu kita ketahui, supaya kita bisa memeriksa diri termasuk tipe yang manakah kita dan supaya kita lebih terampil untuk mampu mengendalikan amarah. pertama, orang yang mudah marah dan jika sudah marah maka akan lama redanya. ini adalah tipe yang paling buruk da...lam urusan marah. kedua, orang yang susah marah, tapi kalau sudah marah akan susah pula redanya. ini juga tipe yang buruk. ketiga, orang yang mudah marah tapi mudah juga redanya. ini tipe yang rada lebih baik dalam urusan marah. dan yang keempat, orang yang susah marah tapi jika sudah marah maka akan mudah redanya. ini adalah tipe yang paling baik dalam urusan marah. karena sebenarnya amarah adalah bagian dari fitrah manusia yang dilengkapi hawa nafsu. hanya saja ada yang terampil mengendalikan, meredam, dan menjauhkan amarah dari dirinya, namun ada pula yang tidak terampil mengendalikannya. alloh swt. berfirman, “..dan orang/orang yang menahan amarahnya dan memaafkan (kesalahan) orang. allah menyukai orang/orang yang berbuat kebajikan.” (qs. ali imron [3] : 134) semoga kita termasuk orang/orang yang bermujahadah untuk menjadi pribadi yang kuat sejati, yaitu yang mampu mengendalikan hawa nafsunya atau amarahnya. aamiin yaa robbal ‘aalamiin."
"08/05/2016","19:32:01","AAGym","saudaraku, dalam dunia kesehatan ada istilah detoksifikasi, yaitu mengeluarkan racun/racun dari dalam tubuh. racun/racun di dalam tubuh bisa menimbulkan berbagai macam gangguan kesehatan. jika racun/racun ada di dalam tubuh apalagi bertambah, maka tubuh akan lemas, letih, lesu, mudah marah, tidak produktif dan berbagai dempak buruk lainnya. racun tubuh bisa terbuang melalui keringat, kotoran, dan sebagainya. semakin racun bisa terbuang dari tubuh, maka kita akan semakin sehat... dan semakin produktif dalam hidup. itu baru urusan fisik. bagaimana yang terjangkit racun itu adalah hati atau qolbu kita. kita harus benar/benar terampil mendeteksi keracunan yang satu ini. karena jikalau hati teracuni, maka timbul berbagai macam penyakit di dalamnya yang akan sangat merugikan. timbullah sombong, riya, ujub, iri, dengki, dan lain sebagainya yang bisa mencelakai diri kita sendiri dan orang lain. maka dari itu, penting bagi kita untuk disiplin memeriksa hati kita sendiri dan membersihkannya dari racun/racun yang bisa menimbulkan berbagai penyakit hati. bersihkanlah hati dengan istighfar, memohon ampunan alloh swt. bersihkan dengan taubat yang sungguh/sungguh sekecil apapun dosa yang kita lakukan. serta mendekat terus kepada alloh dengan menjaga amal ibadah kita. rosululloh saw. bersabda, “ketahuilah di dalam diri manusia ada segumpal daging, apabila segumpal daging itu baik maka baiklah diri manusia itu, akan tetapi bila segumpal daging itu rusak maka rusak pula diri manusia. ketahuilah bahwa sesungguhnya segumpal daging itu adalah hati.” (hr. bukhori dan muslim)."
"08/05/2016","18:44:26","AAGym","kata yang terangkai dari huruf ‘ain, fa, dan wau memiliki arti ‘melepaskan sesuatu’. jadi, disebut alloh maha pemaaf, al ‘afwu, karena alloh meninggalkan hukuman untuk hamba/hamba/nya. rangkaian tiga huruf ini juga memiliki arti ‘terhapus tanpa bekas’, jadi disebut alloh maha pemaaf, al ‘afwu, karena menghapus jejak/jejak dosa hamba/nya hingga tak terlihat lagi jejak/jejak dosa itu, seperti pohon yang dicabut sampai ke akar/akarnya. betapa hebat ampunan alloh swt. di bulan ro...madhon ada sepuluh hari terakhir. di dalam sepuluh hari terakhir ada malam lailatul qodar. pada malam tersebut, aisyah r.a pernah bertanya kepada rasulullah saw. mengenai doa apa yang terbaik. kemudian, rasulullah saw. bersabda, “allohumma innaka ‘afuwwun tuhibbul ‘afwa fa’fu ‘anni (duhai alloh, sesungguhnya engkau maha pemaaf yang menyukai permintaan maaf, maka maafkanlah aku)”. (hr. tirmidzi dan ibnu majah) imam al ghazali menerangkan bahwa al ‘afwu (alloh yang maha pemaaf) lebih tinggi dari al ghofur (alloh yang maha pengampun). ‘ghafur’ secara bahasa artinya ‘menutupi’. sesuatu yang ditutupi sebenarnya masih ada, hanya saja tertutupi sehingga tidak nampak. tetapi kalau alloh memaafkan, maka itu seperti dihapus dari asalnya ada menjadi tiada. dan, alloh memaafkan tidak menunggu seorang hamba/nya meminta maaf, kalau alloh menghendaki untuk memaafkannya maka termaafkanlah ia. maasyaa alloh!"
"08/05/2016","18:34:01","AAGym","sumber kegelisahan ada sangat berharap dari makhluk, dan kunci ketenangan adalah hanya berharap dan bergantung kepada alloh"
"08/05/2016","10:04:00","AAGym","alloh swt. berfirman, “syaitan menjanjikan (menakut/nakuti) kamu dengan kemiskinan dan menyuruh kamu berbuat kejahatan (kikir); sedang alloh menjadikan untukmu ampunan daripada/nya dan karunia. dan allah maha luas (karunia/nya) lagi maha mengatahui.” (qs. al baqoroh [2] : 268) orang yang kikir itu jikalau digambarkan seperti laut  mati yang terdapat di jordania. banyak sungai yang mengalirkan air kepadanya, ia pun memiliki kandungan mineral yang cukup tinggi. akan tetapi, ia ...tidak bisa memberikan manfaat, bahkan ikan pun tidak bisa hidup di sana. kenapa seseorang bisa menjadi kikir? orang kikir itu pasti karena kurang iman. karena orang yang yakin kepada alloh tidak akan kikir. orang kikir itu seperti sedang memakai baju besi, yang setiap kali akan mengeluarkan harta, tangan dan tubuhnya malah semakin berat terhimpit oleh lapisan besi. sedangkan orang dermawan setiap kali mengeluarkan harta, maka ia seperti sedang memakai baju besi yang nyaman dan menjadi perlindungan bagi tubuhnya. orang yang bebas dari kebakhilan, dia akan nyaman hidupnya. sedangkan orang yang kikir walaupun harta berlimpah, maka ia akan menderita. hartanya hanya dikumpul/kumpulkan, dihitung/hitung lalu ditimbun. untuk apa? seperti air yang tergenang tidak mengalir kemana/mana, meski awanya jernih namun tidak akan lama lagi dia akan keruh dan menjadi sumber penyakit. rasa takut kehilangan, takut dicuri, takut berkurang adalah siksaan yang seringkali tidak disadari oleh orang yang kikir. betapa menderita orang yang demikian. semoga alloh swt. senantiasa melimpahkan petunjuk kepada kita sehingga kita terhindar dari penyakit kikir. aamiin yaa robbal ‘aalamiin."
"08/05/2016","06:15:00","AAGym","saudaraku, jika kita mencoba jujur kepada diri sendiri, mengintospeksi diri sendiri, kemudian menemukan bahwa diri kita adalah orang yang mudah berbuat maksiat, maka segeralah bertaubat. waspadalah jika diri mudah maksiat karena itu pertanda diri tidak yakin akan adanya alloh, tidak yakin bahwa alloh maha mengetahui, maha mendengar dan maha melihat. serta tidak yakin bahwa hari akhir dan hari perhitungan itu ada. maasyaa alloh! padahal alloh swt. berfirman, “tidakkah kamu per...hatikan, bahwa sesungguhnya alloh mengetahui apa yang ada di langit dan di bumi? tiada pembicaraan rahasia antara tiga orang, melainkan dia/lah keempatnya. dan tiada (pembicaraan antara) lima orang, melainkan dia/lah keenamnya. dan tiada (pula) pembicaraan antara jumlah yang kurang dari itu atau lebih banyak, melainkan dia berada bersama mereka di manapun mereka berada. kemudian, dia akan memberitahukan kepada mereka pada hari kiamat apa yang telah mereka kerjakan. sesungguhnya allah maha mengetahui segala sesuatu.” (qs. al mujadilah [58] : 7) oleh karena itu, jika kita mudah maksiat, maka itu pertanda kita jauh dari alloh, padahal alloh maha dekat. alloh maha mengetahui bahkan setiap rahasia yang kita sembunyikan di dalam hati. alloh maha mendengar setiap bisikan kita, dan alloh maha melihat setiap perbuatan kita meski sangat tersembunyi. tiada manusia yang luput dari dosa, tapi sebaik/baik manusia pendosa adalah yang bertaubat kepada robb/nya, alloh swt. semoga kita termasuk orang/orang yang senantiasa mentaubati setiap dosa sekecil apapun, dan semoga hati kita senantiasa terpaut kepada alloh swt. aamiin yaa robbal ‘aalamiin."
"07/05/2016","19:39:00","AAGym","saudaraku, yang paling utama dari dzikir itu adalah ingat kepada alloh swt. sejak dari niat kita di dalam hati. sehingga dzikir adalah agar niat kita lurus hanya mengharap ridho alloh swt. alloh swt. berfirman, “katakanlah: sesungguhnya sholatku, ibadat (kurban) ku, hidupku dan matiku hanyalah untuk alloh, tuhan semesta alam. tiada sekutu bagi/nya; dan demikian itulah yang diperintahkan kepadaku dan aku adalah orang yang pertama/tama menyerahkan diri (kepada alloh)”. (qs. al ...an’am [6] : 162/20163) jadi, dzikir itu tidak hanya diucapkan, dilantunkan berulang/ulang secara lisan saja, tapi juga harus dimulai sejak getaran hati sehingga membuat niat kita senantiasa lurus lillaahita’ala. karena alloh tidak akan menerima amal kecuali yang niatnya karena alloh swt. dalam urusan keikhlasan dalam beramal misalnya, tidak begitu penting bahkan tidak perlulah keikhlasan itu diucapkan, “saya ikhlas kok!” lakukan saja kebaikan dan biarkan urusan ikhlas itu menjadi kesibukan hati. di dalam surat al ikhlas pun tidak ada kata atau kalimat “ikhlas”, justru isi dari surat ini meski suratnya pendek namun isinya adalah urusan yang sangat besar nan agung yaitu tauhiid. maka, orang yang ikhlas itu tidak lagi sibuk dengan penilaian manusia mengenai amalnya, ia hanya sibuk dengan satu hal yaitu bagaimana agar amalnya itu diterima oleh alloh swt."
"07/05/2016","18:36:45","AAGym","penyakit yang sifatnya turunan dari hati yang menyekutukan alloh, takut kepada selain alloh, berharap kepada selain alloh, adalah penyakit munafik. dalam sebuah hadits rosululloh saw. menerangkan sifat munafik, “tanda/tanda orang munafik itu ada tiga; jika berbicara ia berdusta; jika berjanji dia ingkar; jika dipercaya dia khianat.” (hr. bukhori dan muslim) orang munafik bagaikan musang berbulu domba. terlihat bagus padahal hatinya busuk. orang munafik itu jauh lebih berbahay...a dari orang yang jelas/jelas jelek sifat dan sikapnya. orang jelek menampakkan kejelekannya, sedangkan orang munafik itu jelek tapi menampakkan kebagusannya. seorang munafik itu penipu. bukankah berbohong itu menipu. bukankah ingkar janji itu menipu. dan bukankah khianat atas amanah itu menipu. munafik itu ada dua jenis. pertama, ada munafik sejak itikad di dalam hatinya, dari akidahnya, contohnya adalah ‘abdullah bin ubay. hatinya tidak beriman, tapi sikapnya menunjukkan keislaman. hatinya benci kepada islam, tapi sikapnya menampakkan kecintaan. ini kemunafikan yang berat. kedua, munafik pada amal. kita memang insyaa alloh beriman, yakin kepada alloh swt. tetapi pada sikap kita sehari/hari banyak perilaku munafik. diantaranya kebohongan/kebohongan kita, banyak janji yang kita ucapkan tanpa diiringi dengan kesungguhan untuk menepati, amanah di kantor yang lalai kita kerjakan. kemunafikan seperti ini akan menimbulkan rasa tidak nyaman di dalam diri kita, begitupun di dalam diri orang lain. orang munafik itu berbeda ketika di depan dan di belakang, antara ucapan dan tindakan dengan yang di dalam hatinya. di depan ia mengangguk dan bermuka manis, sementara di belakang dia berghibah. di depan dia menyanjung, di belakang dia menghina. orang munafik seperti ini akan terus menjadi biang masalah. kalau di dalam rumahtangga ada kemunafikan, maka akan rentan dengan konflik. kalau di dalam pemerintahan sebuah negara ada kemunafikan, maka akan bangkrut dan tidak akan maju."
"07/05/2016","18:34:01","AAGym","orang sombong itu orang bodoh, bodoh tak tau siapa tuhannya, bodoh tak jujur siapa dirinya, bodoh tak mengerti hidup mulia."
"07/05/2016","10:11:00","AAGym","suatu kegiatan atau pekerjaan akan terasa berat jikalau kita hanya itung/itungan untung rugi secara materi. kita juga akan merasa berat jikalau itung/itungan pamrih dan balas budi. ada rasa tertekan, kalau saya mengerjakan ini, saya dapat berapa, atau nanti saya dapat balasan apa. begitu seterusnya. kalau sudah begini, maka apa yang kita lakukan hanya menguras tenaga tapi tidak bermakna. namun, berbeda jikalau kita senantiasa berpikir amal sholeh pada setiap apa yang kita ker...jakan. terlepas itu apakah pekerjaan urusan bisnis atau urusan sosial, amal sholeh selalu menjadi niat di dalam hati kita. penting untuk kita sadari bahwa amal sholeh itu tidak hanya berkaitan dengan urusan amal sosial kemanusiaan saja, tapi juga dalam urusan lain termasuk bisnis. ibadah kepada alloh swt. itu luas cakupannya, selalu bisa kita lakukan dalam aspek apa saja. nah, jika amal sholeh sudah jadi tema besar dalam hati kita, maka pekerjaan kecil maupun besar akan terasa ringan dan antusias kita lakukan. karena yang menjadi tujuan kita bukanlah keuntungan di dunia semata, melainkan keuntungan di akhirat juga. ketika suatu pekerjaan kita niatkan sebagai amal sholeh, maka dengan sendirinya kita akan terjaga dari perilaku buruk. kita akan senantiasa yakin bahwa alloh sedang melihat kita dan yakin bahwa setiap perbuatan kita sekecil apapun akan dicatat dan dimintai pertanggungjawabannya kelak. kita pun selalu terdorong untuk jujur, amanah dan profesional. jika sudah demikian, maka insyaa alloh, keuntungan sejati yang penuh berkah akan kita dapatkan."
"07/05/2016","06:15:01","AAGym","sebelum suatu bangunan megah berdiri, ia adalah berupa perencanaan, gambar, hitung/hitungan, dan bahan/bahan bangunan yang bertumpukan. setelah dirancang, dihitung, dan dibangun dengan memakan waktu sekian lama dan melibatkan sekian banyak tenaga ahli, maka terbentuklah bangunan itu. pertanyaan yang perlu kita hadirkan adalah, lantas bagaimana proses terbentuknya alam semesta ini yang begitu megah, detail, kompleks, presisi, dan teratur?! jangankan memikirkan proses penciptaa...n alam semesta, memikirkan penciptaan diri kita sendiri saja sungguh tidak cukup waktu kita untuk memikirkannya. betapa agung kekuasaan alloh swt. “dan sesungguhnya kami telah menciptakan manusia dari suatu saripati (berasal) dari tanah. kemudian kami jadikan saripati itu air mani (yang disimpan)  dalam tempat yang kokoh (rahim). kemudian air mani itu kami jadikan segumpal darah, lalu segumpal darah itu kami jadikan segumpal daging, dan segumpal daging itu kami jadikan tulang belulang, lalu tulang belulang itu kami bungkus dengan daging. kemudian kami jadikan dia makhluk yang (berbentuk) lain. maka maha sucilah alloh, pencipta yang paling baik.” (qs. al mu`minun [23]: 12/14) jikalau kita senantiasa peka untuk mau tafakur pada setiap apa yang kita saksikan atau yang kita alami, maka pasti kita akan berjumpa dengan begitu banyak bukti/bukti kesempurnaan dan keagungan alloh swt. yang membuat kita kemudian merasa kecil dan lemah di hadapannya, tidak layak kita untuk tinggi hati atau sombong."
"06/05/2016","19:38:01","AAGym","alloh swt. berfirman, “..barangsiapa mengharap perjumpaan dengan tuhannya, maka hendaklah ia mengerjakan amal yang sholeh dan janganlah ia mempersekutukan seorangpun dalam beribadat kepada tuhannya”. (qs. al kahfi [18] : 110) ikhlas itu masti kita jaga pada tiga waktu. pertama, adalah ketika kita hendak beramal. kondisikan dulu hati untuk lurus hanya mengharapkan penilaian alloh swt. mantapkan hati agar benar/benar bersih dari unsur ujub, riya, sum’ah. ini penting karena beta...pa licinnya dan halusnya syaitan menggoda kita agar hati kita tergelincir. padahal baik buruknya, benar salahnya setiap urusan kita adalah diawali dari baik buruknya, benar salahnya hati. kedua, adalah ketika beramal. boleh jadi ketika kita melakukan amal kebaikan, tiba/tiba datanglah pujian, sanjungan dari orang lain. tentu siapapun akan senang jika mendapat pujian dan sanjungan. tapi, di sinilah terdapat celah yang rentan membuat kita terlena dan terbuai sehinga merasa diri hebat dan lupa kepada dzat yang telah memberi kita kekuatan, alloh swt. maka, perlu kita untuk bermujahadah menjaga niat yang sudah kita tekadkan sejak awal. sehingga kita bisa istiqomah dalam keikhlasan. ketiga, setelah beramal. mungkin ada penghargaan dari orang lain atas prestasi kita. atau bahkan boleh jadi tidak ada yang memuji, menyanjung kita, malah yang ada justru orang yang tidak menghargai amal kita. nah, di sinilah hati kita diuji. hati bisa terbuai oleh penghargaan dari manusia, dan hati juga bisa goyah saat ada yang merendahkan kita. bagi orang yang hatinya lurus lillaahita’ala, segala bentuk penilaian manusia itu tidaklah ada apa/apanya dibandingkan penilaian alloh swt. jika dipuji, maka ia akan memuji alloh dan menyerahkan pujian tersebut kepada alloh. sedangkan jika dia dihina, direndahkan, maka ia akan beristighfar, memohon ampunan alloh karena boleh jadi itu adalah ujian agar dirinya bisa memperbaiki diri dan bersandar hanya kepada alloh semata."
"06/05/2016","18:34:00","AAGym","saudaraku, seorang anak yang sejak kecil terbiasa hidup secara mudah, setiap keinginannya dipenuhi oleh orangtuanya, maka ia akan tumbuh cenderung menjadi pribadi yang lemah. maka, kalau ada orangtua yang memanjakan anaknya, sebenarnya orangtua tersebut tidak benar/benar menyayangi anaknya, atau orangtua tersebut tidak mengerti bagaimana cara menyayangi anaknya. memanjakan anak adalah cara halus menjerumuskan mereka. ini hanyalah sebuah gambaran bahwa kesulitan dalam hidup se...benarnya adalah sarana untuk belajar menjadi pribadi yang tangguh. mari kita lihat sosok nabi muhammad saw. yang sejak kanak/kanak sudah menjadi yatim. bahkan, ibunya wafat di saat usia nabi muhammad saw. masih sangat membutuhkan kehadiran sosok ibu. namun, situasi yang sulit seperti ini justru menjadi tempat bagi beliau untuk tumbuh menjadi pribadi yang mandiri dan kuat. alloh swt. berfirman, “kami akan menguji kamu dengan keburukan dan kebaikan sebagai cobaan (yang sebenar/benarnya), dan hanya kepada kami–lah kamu dikembalikan.” (qs. al anbiyâ’[21]:35) ibnu katsir r.a menerangkan bahwa ujian hidup berupa kesulitan itu adalah tempat untuk melihat kualitas manusia, mana di antara mereka yang bersabar dan mana yang putus asa. orang yang bersabar akan lahir menjadi pribadi tangguh, sedangkan orang yang putus asa akan menjadi pribadi yang lemah. padahal, alloh swt. tidak akan memberikan ujian yang berada di luar batas kemampuan manusia untuk menghadapinya."
"06/05/2016","14:47:42","AAGym","rasulullah saw. bersabda, “segala sesuatu yang di dalamnya tidak mengandung dzikrullah merupakan perbuatan sia/sia, senda gurau, dan permainan, kecuali empat (perkara), yaitu senda gurau suami dengan istrinya, melatih kuda, berlatih memanah, dan mengajarkan renang.” (hr. an nasa’i). umar bin khaththab r.a mengatakan, “ajari anak/anakmu berenang, memanah dan berkuda.” saudaraku, tidak ada perkara sunnah melainkan pasti mengandung hikmah yang besar, salah satunya adalah dari ke...giatan memanah. ada beberapa hikmah dari kegiatan ini diantaranya adalah pertama, memanah itu membutuhkan target. kalau target tidak ada, maka memanah jadi tidak terarah malah bisa menimbulkan malapetaka. demikian pula hidup kita ini, hidup harus ada targetnya. apa target hidup kita di dunia, yaitu beribadah kepada alloh swt., agar alloh ridho kepada kita. kedua, memanah perlu fokus. setelah ada targetnya, sikap selanjutnya yang diperlukan adalah fokus membidik target sehingga bisa tepat sasaran. jika kita sudah tahu bahwa hidup adalah untuk ibadah kepada alloh, untuk mendapat ridho alloh, maka perlu fokus meraih target itu. target ada, tapi kita tidak fokus pada target tersebut, maka target hanyalah menjadi target, tidak pernah kita capai dengan sempurna. ketiga, memanah perlu mujahadah, kesungguhan. kesungguhan dalam belajar teorinya dan dalam berlatih praktiknya. tidak patah semangat ketika belum terampil, terus mengulang/ulang latihan, sehingga kegagalan demi kegagalan berbuah menjadi keberhasilan. dalam hidup di dunia, kita akan bertemu dengan banyak ujian, cobaan, kesulitan ketika berjalan menuju ridho alloh swt. namun, jangan pernah putus asa dan menyerah. jalan menuju kebahagiaan sejati akan berat bagi orang yang tidak istiqomah dalam bermujahadah, namun akan menjadi ringan bagi orang yang sungguh/sungguh. cobaan seberat apapun akan dihadapi dan terasa ringan manakala tetap menyadari betapa agungnya target dalam hidupnya, yaitu ridho alloh swt."
"06/05/2016","14:33:58","AAGym","dompet peduli ummat daarut tauhiid disaat tanah air ini menjadi perhatian kita untuk penyaluran bantuan kemanusiaan akibat banjir, longsor dan lainnya, tiba/tiba mata dan telinga kita mendengar jeritan tangisan anak/anak yg merobek/robek nurani menyaksikan kekejaman perang yang telah membuat saudara/saudara kita terusir tinggal di puing reruntuhan meriam, terluka.  di aleppo suriah anak anak dan ibu tua tidak lagi bernyawa bergelimpangan. sebagian mereka mengungsi dalam ketak...utan yang mencekam. video detik/detik terjadinya ledakan di aleppo suriah https://youtu.be/lippzoxooly mereka membutuhkan perhatian dari kita berupa do’a yg kita panjatkan di setiap selesai sholat wajib dan sholat malam kita sahabat, mereka juga butuh penanganan medis, obat/obatan, makanan yg saat ini sangat sulit di temui. dpu dt mengajak kita semua meringankan beban sesama bagi penderitaan saudara/saudara kita di suriah.  dpu dt akan mengirimkan amanah masyarakat indonesia dalam bentuk bantuan makanan dan bantuan kesehatan bagi mereka  yg terluka di pengungsian.  transfer peduli suriah bni syariah 009.2553.741 bca 777.0333.151 a.n dpu is khusus donasi online peduli aleppo suriah  https://dpu/daaruttauhiid.org/w…/donasi/peduli/aleppo/suriah informasi dan konfirmasi  chat di www.dpudt.org sms/wa : 0851 0001 7002 bbm : dpudt1 ig: dpu.dt"
"03/03/2016","19:24:28","AAGym","masya allah.. nangis dengar khutbah syaikh sudais /hafidzahullah/ tentang tangisan dan kesedihan anak suriah.. ya allah.. jagalah kaum muslimin di suriah dan di... seluruh tempat. tidak tahan kalau membayangkan ternyata kita sudah meninggal dan anak kita disiksa oleh syi&#039;ah seperti anak/anak suriah. wal &#039;iyadzu billah. semoga allah menghancurkan syiah dan para sekutunya."
"06/05/2016","10:04:00","AAGym","rosululloh saw. bersabda, “sesungguhnya aku diutus untuk menyempurnakan akhlak mulia.” (hr. ahmad) saudaraku, ketika kita mengubah akhlak kita menjadi lebih baik, maka penting kita untuk selalu bertanya kepada diri sendiri, mengapa akhlak kita berubah? karena syaitan itu sangat licin, licik dan halus cara/caranya menjerumuskan kita. penting bagi kita untuk bermuhasabah apakah perbaikan akhlak kita ini murni demi mendapat penilaian alloh, ataukah demi mendapat kekaguman orang ...lain. jika, niat kita murni lillaahi ta’ala maka beruntunglah kita, termasuk kepada kelompok orang/orang yang ikhlas. sedangkan jika niat kita adalah mencari penilaian manusia, agar dikagumi orang lain sebagai orang yang baik, maka sia/sialah usaha kita. mungkin kita memang akhirnya mendapat kekaguman orang lain, namun di hadapan alloh semua itu tiada artinya. semoga kita terhindar dari hal yang demikian."
