"19/05/2016;11:17:19","ZaskiaMecca","untuk order (pilih salah satu) whatsapp/sms ina 081574696055 (no call, text only) wechat id : lavinia_meccanism dengan format :... nama : alamat : tlp : order : - tlg sms orderannya sesuai format yaa (satu kali enter) - format order = proses - no rekening kami hanya bca atas nama zaskia adya mecca - tidak ada sistem keep/booking barang, apabila barang habis customer dapat ganti dgn barang lain/refund uang - kami tidak melayani orderan via fb, tanya2 silahkan whatsapp/wechat aja yaa.  - order = sabar - pengiriman senin-jumat. sabtu, minggu dan hari libur nasional tidak ada pengiriman. orderan ttp di proses slow respon - resi bisa diminta h+1 setelah pengiriman, kecuali hari jumat resi bs diminta di hari senin sore - untuk yg mau barangnya 1 hari sampai, bisa menggunakan service jne yes - khusus wilayah jakarta kami menggunakan kurir pick me up, barang langsung sampai ke tangan customer di hari yang sama pada saat pengiriman, dengan biaya 10.000/kg - pengiriman dilakukan keesokan harinya setelah transfer. - barang yg sudah dibeli tidak dpt ditukar/dikembalikan kecuali reject dan batas maksimal retur 3 hari setelah barang diterima customer k berlaku thanks smile emotikon meccanism"
"18/05/2016","20:52:20","ZaskiaMecca","untuk order (pilih salah satu) sms/whatsapp ina 081574696055 (no call, text only) wechat id : lavinia_meccanism dengan format :... nama : alamat : tlp : order : - tlg sms orderannya sesuai format yaa (satu kali enter) - format order = proses - no rekening kami hanya bca atas nama zaskia adya mecca - tidak ada keep/booking barang, apabila barang habis, customer bisa ganti barang lain/refund uang. proses refund kurang lebih 7 hari kerja di hari selasa/jumat. - kami tidak melayani orderan via fb, tanya2 silahkan whatsapp/wechat aja yaa.  - dimohon membaca info album sebelum melakukan orderan.  - order = sabar - resi bisa diminta paling cepat h+2 setelah pengiriman, kecuali hari jumat resi bs diminta di hari senin sore - untuk pengiriman jakarta kami menggunakan pick me up (same day service) yaitu barang dikirim dan sampai di hari yang sama, dgn biaya 10rb/kg - pengiriman dilakukan keesokan harinya setelah transfer. - barang yg sudah dibeli tidak dpt ditukar/dikembalikan kecuali reject dan batas maksimal retur 3 hari setelah barang diterima customer k berlaku thanks smile emotikon meccanism"
"18/05/2016","15:05:05","ZaskiaMecca","assalamualaikum surabaya yuk ke surabaya hijab fashion festival di royal plaza tanggal 17-22 mei 2016. meccanism ada di booth 2! ditunggu yaa"
"18/05/2016","13:04:50","ZaskiaMecca","untuk order (pilih salah satu) whatsapp/sms ina 081574696055 (no call, text only) wechat id : lavinia_meccanism dengan format :... nama : alamat : tlp : order : - tlg sms orderannya sesuai format yaa (satu kali enter) - format order = proses - no rekening kami hanya bca atas nama zaskia adya mecca - tidak ada sistem keep/booking barang, apabila barang habis customer dapat ganti dgn barang lain/refund uang - kami tidak melayani orderan via fb, tanya2 silahkan whatsapp/wechat aja yaa.  - order = sabar - pengiriman senin-jumat. sabtu, minggu dan hari libur nasional tidak ada pengiriman. orderan ttp di proses slow respon - resi bisa diminta h+1 setelah pengiriman, kecuali hari jumat resi bs diminta di hari senin sore - untuk yg mau barangnya 1 hari sampai, bisa menggunakan service jne yes - khusus wilayah jakarta kami menggunakan kurir pick me up, barang langsung sampai ke tangan customer di hari yang sama pada saat pengiriman, dengan biaya 10.000/kg - pengiriman dilakukan keesokan harinya setelah transfer. - barang yg sudah dibeli tidak dpt ditukar/dikembalikan kecuali reject dan batas maksimal retur 3 hari setelah barang diterima customer k berlaku thanks smile emotikon meccanism"
"16/05/2016","23:45:34","ZaskiaMecca","elsafa 110.000  bahan: spandex rayon kombinasi ceruty... untuk order (pilih salah satu) whatsapp/sms ina 081574696055 (no call, text only) wechat id : lavinia_meccanism dengan format : nama : alamat : tlp : order : - tlg sms orderannya sesuai format yaa (satu kali enter) - format order = proses - no rekening kami hanya bca atas nama zaskia adya mecca - tidak ada sistem keep/booking barang, apabila barang habis customer dapat ganti dgn barang lain/refund uang - kami tidak melayani orderan via fb, tanya2 silahkan whatsapp/wechat aja yaa.  - order = sabar - pengiriman senin-jumat. sabtu, minggu dan hari libur nasional tidak ada pengiriman. orderan ttp di proses slow respon - resi bisa diminta h+1 setelah pengiriman, kecuali hari jumat resi bs diminta di hari senin sore - untuk yg mau barangnya 1 hari sampai, bisa menggunakan service jne yes - khusus wilayah jakarta kami menggunakan kurir pick me up, barang langsung sampai ke tangan customer di hari yang sama pada saat pengiriman, dengan biaya 10.000/kg - pengiriman dilakukan keesokan harinya setelah transfer. - barang yg sudah dibeli tidak dpt ditukar/dikembalikan kecuali reject dan batas maksimal retur 3 hari setelah barang diterima customer k berlaku thanks smile emotikon meccanism"
"16/05/2016","23:34:25","ZaskiaMecca","elsafa 110.000  bahan: spandex rayon kombinasi ceruty... untuk order (pilih salah satu) whatsapp/sms ina 081574696055 (no call, text only) wechat id : lavinia_meccanism dengan format : nama : alamat : tlp : order : - tlg sms orderannya sesuai format yaa (satu kali enter) - format order = proses - no rekening kami hanya bca atas nama zaskia adya mecca - tidak ada sistem keep/booking barang, apabila barang habis customer dapat ganti dgn barang lain/refund uang - kami tidak melayani orderan via fb, tanya2 silahkan whatsapp/wechat aja yaa.  - order = sabar - pengiriman senin-jumat. sabtu, minggu dan hari libur nasional tidak ada pengiriman. orderan ttp di proses slow respon - resi bisa diminta h+1 setelah pengiriman, kecuali hari jumat resi bs diminta di hari senin sore - untuk yg mau barangnya 1 hari sampai, bisa menggunakan service jne yes - khusus wilayah jakarta kami menggunakan kurir pick me up, barang langsung sampai ke tangan customer di hari yang sama pada saat pengiriman, dengan biaya 10.000/kg - pengiriman dilakukan keesokan harinya setelah transfer. - barang yg sudah dibeli tidak dpt ditukar/dikembalikan kecuali reject dan batas maksimal retur 3 hari setelah barang diterima customer k berlaku thanks smile emotikon meccanism"
"15/05/2016","13:03:20","ZaskiaMecca","elsa 110.000  bahan: spandex rayon ... untuk order (pilih salah satu) whatsapp/sms ina 081574696055 (no call, text only) wechat id : lavinia_meccanism dengan format : nama : alamat : tlp : order : - tlg sms orderannya sesuai format yaa (satu kali enter) - format order = proses - no rekening kami hanya bca atas nama zaskia adya mecca - tidak ada sistem keep/booking barang, apabila barang habis customer dapat ganti dgn barang lain/refund uang - kami tidak melayani orderan via fb, tanya2 silahkan whatsapp/wechat aja yaa.  - order = sabar - pengiriman senin-jumat. sabtu, minggu dan hari libur nasional tidak ada pengiriman. orderan ttp di proses slow respon - resi bisa diminta h+1 setelah pengiriman, kecuali hari jumat resi bs diminta di hari senin sore - untuk yg mau barangnya 1 hari sampai, bisa menggunakan service jne yes - khusus wilayah jakarta kami menggunakan kurir pick me up, barang langsung sampai ke tangan customer di hari yang sama pada saat pengiriman, dengan biaya 10.000/kg - pengiriman dilakukan keesokan harinya setelah transfer. - barang yg sudah dibeli tidak dpt ditukar/dikembalikan kecuali reject dan batas maksimal retur 3 hari setelah barang diterima customer k berlaku thanks smile emotikon meccanism"
"15/05/2016","12:41:47","ZaskiaMecca","caroline cardi harga : 245.000 bahan : wolfis panjang cardi : 75cm  panjang tangan :  60cm ... lebar lengan : 22cm untuk order (pilih salah satu) whatsapp/sms ina 081574696055 (no call, text only) wechat id : lavinia_meccanism dengan format : nama : alamat : tlp : order : - tlg sms orderannya sesuai format yaa (satu kali enter) - format order = proses - no rekening kami hanya bca atas nama zaskia adya mecca - tidak ada sistem keep/booking barang, apabila barang habis customer dapat ganti dgn barang lain/refund uang - kami tidak melayani orderan via fb, tanya2 silahkan whatsapp/wechat aja yaa.  - order = sabar - pengiriman senin-jumat. sabtu, minggu dan hari libur nasional tidak ada pengiriman. orderan ttp di proses slow respon - resi bisa diminta h+1 setelah pengiriman, kecuali hari jumat resi bs diminta di hari senin sore - untuk yg mau barangnya 1 hari sampai, bisa menggunakan service jne yes - khusus wilayah jakarta kami menggunakan kurir pick me up, barang langsung sampai ke tangan customer di hari yang sama pada saat pengiriman, dengan biaya 10.000/kg - pengiriman dilakukan keesokan harinya setelah transfer. - barang yg sudah dibeli tidak dpt ditukar/dikembalikan kecuali reject dan batas maksimal retur 3 hari setelah barang diterima customer k berlaku thanks smile emotikon meccanism"
"15/05/2016","8:46:16","ZaskiaMecca","haloo assalamualaikum smile emotikon buat yg masih ragu apakah fanpage ini real account atau bukan bisa liat di bio ig zaskiadyamecca yaa ðŸ˜Š untuk yang sempat ragu untuk order disini semoga bs lbh yakin skrg yaaa selamat belanjaaa ðŸ˜˜ðŸ˜˜ðŸ˜˜"
"15/05/2016","8:45:19","ZaskiaMecca","new alaia harga : 110.000 bahan: spandex rayon kombinasi ceruty... untuk order (pilih salah satu) whatsapp/sms ina 081574696055 (no call, text only) wechat id : lavinia_meccanism dengan format : nama : alamat : tlp : order : - tlg sms orderannya sesuai format yaa (satu kali enter) - format order = proses - no rekening kami hanya bca atas nama zaskia adya mecca - tidak ada sistem keep/booking barang, apabila barang habis customer dapat ganti dgn barang lain/refund uang - kami tidak melayani orderan via fb, tanya2 silahkan whatsapp/wechat aja yaa.  - order = sabar - pengiriman senin-jumat. sabtu, minggu dan hari libur nasional tidak ada pengiriman. orderan ttp di proses slow respon - resi bisa diminta h+1 setelah pengiriman, kecuali hari jumat resi bs diminta di hari senin sore - untuk yg mau barangnya 1 hari sampai, bisa menggunakan service jne yes - khusus wilayah jakarta kami menggunakan kurir pick me up, barang langsung sampai ke tangan customer di hari yang sama pada saat pengiriman, dengan biaya 10.000/kg - pengiriman dilakukan keesokan harinya setelah transfer. - barang yg sudah dibeli tidak dpt ditukar/dikembalikan kecuali reject dan batas maksimal retur 3 hari setelah barang diterima customer k berlaku thanks smile emotikon meccanism"
"15/05/2016","8:44:31","ZaskiaMecca","darana harga : 230.000 panjang baju kanan: 74cm panjang baju kiri: 90cm lingkar dada: 50x2=100cm... lebar bahu: 15cm lingkar ketiak: 23x2=46cm panjang lengan: 60cm untuk order (pilih salah satu) whatsapp/sms ina 081574696055 (no call, text only) wechat id : lavinia_meccanism dengan format : nama : alamat : tlp : order : - tlg sms orderannya sesuai format yaa (satu kali enter) - format order = proses - no rekening kami hanya bca atas nama zaskia adya mecca - tidak ada sistem keep/booking barang, apabila barang habis customer dapat ganti dgn barang lain/refund uang - kami tidak melayani orderan via fb, tanya2 silahkan whatsapp/wechat aja yaa.  - order = sabar - pengiriman senin-jumat. sabtu, minggu dan hari libur nasional tidak ada pengiriman. orderan ttp di proses slow respon - resi bisa diminta h+1 setelah pengiriman, kecuali hari jumat resi bs diminta di hari senin sore - untuk yg mau barangnya 1 hari sampai, bisa menggunakan service jne yes - khusus wilayah jakarta kami menggunakan kurir pick me up, barang langsung sampai ke tangan customer di hari yang sama pada saat pengiriman, dengan biaya 10.000/kg - pengiriman dilakukan keesokan harinya setelah transfer. - barang yg sudah dibeli tidak dpt ditukar/dikembalikan kecuali reject dan batas maksimal retur 3 hari setelah barang diterima customer k berlaku thanks smile emotikon meccanism"
"14/05/2016","13:39:02","ZaskiaMecca","untuk order (pilih salah satu) whatsapp/sms ina 081574696055 (no call, text only) wechat id : lavinia_meccanism dengan format :... nama : alamat : tlp : order : - tlg sms orderannya sesuai format yaa (satu kali enter) - format order = proses - no rekening kami hanya bca atas nama zaskia adya mecca - tidak ada sistem keep/booking barang, apabila barang habis customer dapat ganti dgn barang lain/refund uang - kami tidak melayani orderan via fb, tanya2 silahkan whatsapp/wechat aja yaa.  - order = sabar - pengiriman senin-jumat. sabtu, minggu dan hari libur nasional tidak ada pengiriman. orderan ttp di proses slow respon - resi bisa diminta h+1 setelah pengiriman, kecuali hari jumat resi bs diminta di hari senin sore - untuk yg mau barangnya 1 hari sampai, bisa menggunakan service jne yes - khusus wilayah jakarta kami menggunakan kurir pick me up, barang langsung sampai ke tangan customer di hari yang sama pada saat pengiriman, dengan biaya 10.000/kg - pengiriman dilakukan keesokan harinya setelah transfer. - barang yg sudah dibeli tidak dpt ditukar/dikembalikan kecuali reject dan batas maksimal retur 3 hari setelah barang diterima customer k berlaku thanks smile emotikon meccanism"
"14/05/2016","13:36:32","ZaskiaMecca","nala pants 235.000 lingkar pinggang 62cm (max 100cm) pesak 33cm lingkar pinggul 94cm... lingkar paha 50cm panjang 102cm lingkar pergelangan kaki 30cm bahan : katun untuk order (pilih salah satu) whatsapp/sms ina 081574696055 (no call, text only) wechat id : lavinia_meccanism dengan format : nama : alamat : tlp : order : - tlg sms orderannya sesuai format yaa (satu kali enter) - format order = proses - no rekening kami hanya bca atas nama zaskia adya mecca - tidak ada sistem keep/booking barang, apabila barang habis customer dapat ganti dgn barang lain/refund uang - kami tidak melayani orderan via fb, tanya2 silahkan whatsapp/wechat aja yaa.  - order = sabar - pengiriman senin-jumat. sabtu, minggu dan hari libur nasional tidak ada pengiriman. orderan ttp di proses slow respon - resi bisa diminta h+1 setelah pengiriman, kecuali hari jumat resi bs diminta di hari senin sore - untuk yg mau barangnya 1 hari sampai, bisa menggunakan service jne yes - khusus wilayah jakarta kami menggunakan kurir pick me up, barang langsung sampai ke tangan customer di hari yang sama pada saat pengiriman, dengan biaya 10.000/kg - pengiriman dilakukan keesokan harinya setelah transfer. - barang yg sudah dibeli tidak dpt ditukar/dikembalikan kecuali reject dan batas maksimal retur 3 hari setelah barang diterima customer k berlaku thanks smile emotikon meccanism"
"13/05/2016","21:35:34","ZaskiaMecca","untuk order (pilih salah satu) whatsapp/sms ina 081574696055 (no call, text only) wechat id : lavinia_meccanism dengan format :... nama : alamat : tlp : order : - tlg sms orderannya sesuai format yaa (satu kali enter) - format order = proses - no rekening kami hanya bca atas nama zaskia adya mecca - kami tidak melayani orderan via fb, tanya2 silahkan whatsapp/wechat aja yaa.  - dimohon membaca info album sebelum melakukan orderan.  - order = sabar - pengiriman senin-jumat. sabtu, minggu dan hari libur nasional tidak ada pengiriman. orderan ttp di proses slow respon - resi bisa diminta paling cepat h+1 setelah pengiriman, kecuali hari jumat resi bs diminta di hari senin sore - untuk yg mau barangnya 1 hari sampai, bisa menggunakan service jne yes - pengiriman dilakukan keesokan harinya setelah transfer. - barang yg sudah dibeli tidak dpt ditukar/dikembalikan kecuali reject dan batas maksimal retur 3 hari setelah barang diterima customer k berlaku thanks smile emotikon meccanism"
"11/05/2016","20:23:32","ZaskiaMecca","untuk order (pilih salah satu) whatsapp/sms ina 081574696055 (no call, text only) wechat id : lavinia_meccanism dengan format :... nama : alamat : tlp : order : - tlg sms orderannya sesuai format yaa (satu kali enter) - format order = proses - no rekening kami hanya bca atas nama zaskia adya mecca - kami tidak melayani orderan via fb, tanya2 silahkan whatsapp/wechat aja yaa.  - dimohon membaca info album sebelum melakukan orderan.  - order = sabar - pengiriman senin-jumat. sabtu, minggu dan hari libur nasional tidak ada pengiriman. orderan ttp di proses slow respon - resi bisa diminta paling cepat h+1 setelah pengiriman, kecuali hari jumat resi bs diminta di hari senin sore - untuk yg mau barangnya 1 hari sampai, bisa menggunakan service jne yes - pengiriman dilakukan keesokan harinya setelah transfer. - barang yg sudah dibeli tidak dpt ditukar/dikembalikan kecuali reject dan batas maksimal retur 3 hari setelah barang diterima customer k berlaku thanks smile emotikon meccanism"
"11/05/2016","20:16:43","ZaskiaMecca","gania top bahan : katun rayon harga : 240.000 detail:   p.baju : 75 cm... lingkar  baju : 236 cm ling. pergelangan tangah : 20 cm  *kancing depan *kantong sebelah kanan dada untuk order (pilih salah satu) whatsapp/sms ina 081574696055 (no call, text only) wechat id : lavinia_meccanism dengan format : nama : alamat : tlp : order : - tlg sms orderannya sesuai format yaa (satu kali enter) - format order = proses - no rekening kami hanya bca atas nama zaskia adya mecca - tidak ada sistem keep/booking barang, apabila barang habis customer dapat ganti dgn barang lain/refund uang - kami tidak melayani orderan via fb, tanya2 silahkan whatsapp/wechat aja yaa.  - order = sabar - pengiriman senin-jumat. sabtu, minggu dan hari libur nasional tidak ada pengiriman. orderan ttp di proses slow respon - resi bisa diminta h+1 setelah pengiriman, kecuali hari jumat resi bs diminta di hari senin sore - untuk yg mau barangnya 1 hari sampai, bisa menggunakan service jne yes - khusus wilayah jakarta kami menggunakan kurir pick me up, barang langsung sampai ke tangan customer di hari yang sama pada saat pengiriman, dengan biaya 10.000/kg - pengiriman dilakukan keesokan harinya setelah transfer. - barang yg sudah dibeli tidak dpt ditukar/dikembalikan kecuali reject dan batas maksimal retur 3 hari setelah barang diterima customer k berlaku thanks smile emotikon meccanism"
"11/05/2016","19:52:14","ZaskiaMecca","ziza pants 290.000 panjang celana : 94cm tingi pasak : 25cm lebar paha : 56cm... lebar pinggang : 50cm  max:106cm  panjang rok : 99cm bahan : spandex rayon untuk order (pilih salah satu) whatsapp/sms ina 081574696055 (no call, text only) wechat id : lavinia_meccanism dengan format : nama : alamat : tlp : order : - tlg sms orderannya sesuai format yaa (satu kali enter) - format order = proses - no rekening kami hanya bca atas nama zaskia adya mecca - tidak ada sistem keep/booking barang, apabila barang habis customer dapat ganti dgn barang lain/refund uang - kami tidak melayani orderan via fb, tanya2 silahkan whatsapp/wechat aja yaa.  - order = sabar - pengiriman senin-jumat. sabtu, minggu dan hari libur nasional tidak ada pengiriman. orderan ttp di proses slow respon - resi bisa diminta h+1 setelah pengiriman, kecuali hari jumat resi bs diminta di hari senin sore - untuk yg mau barangnya 1 hari sampai, bisa menggunakan service jne yes - khusus wilayah jakarta kami menggunakan kurir pick me up, barang langsung sampai ke tangan customer di hari yang sama pada saat pengiriman, dengan biaya 10.000/kg - pengiriman dilakukan keesokan harinya setelah transfer. - barang yg sudah dibeli tidak dpt ditukar/dikembalikan kecuali reject dan batas maksimal retur 3 hari setelah barang diterima customer k berlaku thanks smile emotikon meccanism"
"11/05/2016","19:43:41","ZaskiaMecca","new alaia 110.000  bahan: spandex rayon kombinasi ceruty... untuk order (pilih salah satu) whatsapp/sms ina 081574696055 (no call, text only) wechat id : lavinia_meccanism dengan format : nama : alamat : tlp : order : - tlg sms orderannya sesuai format yaa (satu kali enter) - format order = proses - no rekening kami hanya bca atas nama zaskia adya mecca - tidak ada sistem keep/booking barang, apabila barang habis customer dapat ganti dgn barang lain/refund uang - kami tidak melayani orderan via fb, tanya2 silahkan whatsapp/wechat aja yaa.  - order = sabar - pengiriman senin-jumat. sabtu, minggu dan hari libur nasional tidak ada pengiriman. orderan ttp di proses slow respon - resi bisa diminta h+1 setelah pengiriman, kecuali hari jumat resi bs diminta di hari senin sore - untuk yg mau barangnya 1 hari sampai, bisa menggunakan service jne yes - khusus wilayah jakarta kami menggunakan kurir pick me up, barang langsung sampai ke tangan customer di hari yang sama pada saat pengiriman, dengan biaya 10.000/kg - pengiriman dilakukan keesokan harinya setelah transfer. - barang yg sudah dibeli tidak dpt ditukar/dikembalikan kecuali reject dan batas maksimal retur 3 hari setelah barang diterima customer k berlaku thanks smile emotikon meccanism"
"10/05/2016","14:52:48","ZaskiaMecca","untuk order (pilih salah satu) whatsapp/sms ina 081574696055 (no call, text only) wechat id : lavinia_meccanism dengan format :... nama : alamat : tlp : order : - tlg sms orderannya sesuai format yaa (satu kali enter) - format order = proses - no rekening kami hanya bca atas nama zaskia adya mecca - tidak ada sistem keep/booking barang, apabila barang habis customer dapat ganti dgn barang lain/refund uang - kami tidak melayani orderan via fb, tanya2 silahkan whatsapp/wechat aja yaa.  - order = sabar - pengiriman senin-jumat. sabtu, minggu dan hari libur nasional tidak ada pengiriman. orderan ttp di proses slow respon - resi bisa diminta h+1 setelah pengiriman, kecuali hari jumat resi bs diminta di hari senin sore - untuk yg mau barangnya 1 hari sampai, bisa menggunakan service jne yes - khusus wilayah jakarta kami menggunakan kurir pick me up, barang langsung sampai ke tangan customer di hari yang sama pada saat pengiriman, dengan biaya 10.000/kg - pengiriman dilakukan keesokan harinya setelah transfer. - barang yg sudah dibeli tidak dpt ditukar/dikembalikan kecuali reject dan batas maksimal retur 3 hari setelah barang diterima customer k berlaku thanks smile emotikon meccanism"
"10/05/2016","14:52:28","ZaskiaMecca","tara top harga : 210.000 panjang baju: 64cm lebar bahu:8cm lingkar ketiak: 44cm... lingkar dada : 98cm panjang tangan : 56cm bahan : katun untuk order (pilih salah satu) whatsapp/sms ina 081574696055 (no call, text only) wechat id : lavinia_meccanism dengan format : nama : alamat : tlp : order : - tlg sms orderannya sesuai format yaa (satu kali enter) - format order = proses - no rekening kami hanya bca atas nama zaskia adya mecca - tidak ada sistem keep/booking barang, apabila barang habis customer dapat ganti dgn barang lain/refund uang - kami tidak melayani orderan via fb, tanya2 silahkan whatsapp/wechat aja yaa.  - order = sabar - pengiriman senin-jumat. sabtu, minggu dan hari libur nasional tidak ada pengiriman. orderan ttp di proses slow respon - resi bisa diminta h+1 setelah pengiriman, kecuali hari jumat resi bs diminta di hari senin sore - untuk yg mau barangnya 1 hari sampai, bisa menggunakan service jne yes - khusus wilayah jakarta kami menggunakan kurir pick me up, barang langsung sampai ke tangan customer di hari yang sama pada saat pengiriman, dengan biaya 10.000/kg - pengiriman dilakukan keesokan harinya setelah transfer. - barang yg sudah dibeli tidak dpt ditukar/dikembalikan kecuali reject dan batas maksimal retur 3 hari setelah barang diterima customer k berlaku thanks smile emotikon meccanism"
"09/05/2016","18:17:22","ZaskiaMecca","sezha 245.000 panjang baju: 85cm lebar bahu: 16cm lingkar ketiak: 23x2=46cm... panjang tangan: 60cm bahan : rajut cotton untuk order (pilih salah satu) whatsapp/sms ina 081574696055 (no call, text only) wechat id : lavinia_meccanism dengan format : nama : alamat : tlp : order : - tlg sms orderannya sesuai format yaa (satu kali enter) - format order = proses - no rekening kami hanya bca atas nama zaskia adya mecca - tidak ada sistem keep/booking barang, apabila barang habis customer dapat ganti dgn barang lain/refund uang - kami tidak melayani orderan via fb, tanya2 silahkan whatsapp/wechat aja yaa.  - order = sabar - pengiriman senin-jumat. sabtu, minggu dan hari libur nasional tidak ada pengiriman. orderan ttp di proses slow respon - resi bisa diminta h+1 setelah pengiriman, kecuali hari jumat resi bs diminta di hari senin sore - untuk yg mau barangnya 1 hari sampai, bisa menggunakan service jne yes - khusus wilayah jakarta kami menggunakan kurir pick me up, barang langsung sampai ke tangan customer di hari yang sama pada saat pengiriman, dengan biaya 10.000/kg - pengiriman dilakukan keesokan harinya setelah transfer. - barang yg sudah dibeli tidak dpt ditukar/dikembalikan kecuali reject dan batas maksimal retur 3 hari setelah barang diterima customer k berlaku thanks smile emotikon meccanism"
"09/05/2016","14:50:51","ZaskiaMecca","sezha 245.000 panjang baju: 85cm lebar bahu: 16cm lingkar ketiak: 23x2=46cm... panjang tangan: 60cm bahan : rajut cotton untuk order (pilih salah satu) whatsapp/sms ina 081574696055 (no call, text only) wechat id : lavinia_meccanism dengan format : nama : alamat : tlp : order : - tlg sms orderannya sesuai format yaa (satu kali enter) - format order = proses - no rekening kami hanya bca atas nama zaskia adya mecca - tidak ada sistem keep/booking barang, apabila barang habis customer dapat ganti dgn barang lain/refund uang - kami tidak melayani orderan via fb, tanya2 silahkan whatsapp/wechat aja yaa.  - order = sabar - pengiriman senin-jumat. sabtu, minggu dan hari libur nasional tidak ada pengiriman. orderan ttp di proses slow respon - resi bisa diminta h+1 setelah pengiriman, kecuali hari jumat resi bs diminta di hari senin sore - untuk yg mau barangnya 1 hari sampai, bisa menggunakan service jne yes - khusus wilayah jakarta kami menggunakan kurir pick me up, barang langsung sampai ke tangan customer di hari yang sama pada saat pengiriman, dengan biaya 10.000/kg - pengiriman dilakukan keesokan harinya setelah transfer. - barang yg sudah dibeli tidak dpt ditukar/dikembalikan kecuali reject dan batas maksimal retur 3 hari setelah barang diterima customer k berlaku thanks smile emotikon meccanism"
"08/05/2016","17:47:47","ZaskiaMecca","antem 95.000  bahan: spandex rayon... untuk order (pilih salah satu) whatsapp/sms ina 081574696055 (no call, text only) wechat id : lavinia_meccanism dengan format : nama : alamat : tlp : order : - tlg sms orderannya sesuai format yaa (satu kali enter) - format order = proses - no rekening kami hanya bca atas nama zaskia adya mecca - tidak ada sistem keep/booking barang, apabila barang habis customer dapat ganti dgn barang lain/refund uang - kami tidak melayani orderan via fb, tanya2 silahkan whatsapp/wechat aja yaa.  - order = sabar - pengiriman senin-jumat. sabtu, minggu dan hari libur nasional tidak ada pengiriman. orderan ttp di proses slow respon - resi bisa diminta h+1 setelah pengiriman, kecuali hari jumat resi bs diminta di hari senin sore - untuk yg mau barangnya 1 hari sampai, bisa menggunakan service jne yes - khusus wilayah jakarta kami menggunakan kurir pick me up, barang langsung sampai ke tangan customer di hari yang sama pada saat pengiriman, dengan biaya 10.000/kg - pengiriman dilakukan keesokan harinya setelah transfer. - barang yg sudah dibeli tidak dpt ditukar/dikembalikan kecuali reject dan batas maksimal retur 3 hari setelah barang diterima customer k berlaku thanks smile emotikon meccanism"
"08/05/2016","17:46:41","ZaskiaMecca","malana 110.000  bahan: spandex rayon... untuk order (pilih salah satu) whatsapp/sms ina 081574696055 (no call, text only) wechat id : lavinia_meccanism dengan format : nama : alamat : tlp : order : - tlg sms orderannya sesuai format yaa (satu kali enter) - format order = proses - no rekening kami hanya bca atas nama zaskia adya mecca - tidak ada sistem keep/booking barang, apabila barang habis customer dapat ganti dgn barang lain/refund uang - kami tidak melayani orderan via fb, tanya2 silahkan whatsapp/wechat aja yaa.  - order = sabar - pengiriman senin-jumat. sabtu, minggu dan hari libur nasional tidak ada pengiriman. orderan ttp di proses slow respon - resi bisa diminta h+1 setelah pengiriman, kecuali hari jumat resi bs diminta di hari senin sore - untuk yg mau barangnya 1 hari sampai, bisa menggunakan service jne yes - khusus wilayah jakarta kami menggunakan kurir pick me up, barang langsung sampai ke tangan customer di hari yang sama pada saat pengiriman, dengan biaya 10.000/kg - pengiriman dilakukan keesokan harinya setelah transfer. - barang yg sudah dibeli tidak dpt ditukar/dikembalikan kecuali reject dan batas maksimal retur 3 hari setelah barang diterima customer k berlaku thanks smile emotikon meccanism"
"08/05/2016","17:45:12","ZaskiaMecca","short syiria 85.000  bahan: spandex rayon... untuk order (pilih salah satu) whatsapp/sms ina 081574696055 (no call, text only) wechat id : lavinia_meccanism dengan format : nama : alamat : tlp : order : - tlg sms orderannya sesuai format yaa (satu kali enter) - format order = proses - no rekening kami hanya bca atas nama zaskia adya mecca - tidak ada sistem keep/booking barang, apabila barang habis customer dapat ganti dgn barang lain/refund uang - kami tidak melayani orderan via fb, tanya2 silahkan whatsapp/wechat aja yaa.  - order = sabar - pengiriman senin-jumat. sabtu, minggu dan hari libur nasional tidak ada pengiriman. orderan ttp di proses slow respon - resi bisa diminta h+1 setelah pengiriman, kecuali hari jumat resi bs diminta di hari senin sore - untuk yg mau barangnya 1 hari sampai, bisa menggunakan service jne yes - khusus wilayah jakarta kami menggunakan kurir pick me up, barang langsung sampai ke tangan customer di hari yang sama pada saat pengiriman, dengan biaya 10.000/kg - pengiriman dilakukan keesokan harinya setelah transfer. - barang yg sudah dibeli tidak dpt ditukar/dikembalikan kecuali reject dan batas maksimal retur 3 hari setelah barang diterima customer k berlaku thanks smile emotikon meccanism"
"08/05/2016","17:42:47","ZaskiaMecca","long syiria 110.000  bahan: spandex rayon... untuk order (pilih salah satu) whatsapp/sms ina 081574696055 (no call, text only) wechat id : lavinia_meccanism dengan format : nama : alamat : tlp : order : - tlg sms orderannya sesuai format yaa (satu kali enter) - format order = proses - no rekening kami hanya bca atas nama zaskia adya mecca - tidak ada sistem keep/booking barang, apabila barang habis customer dapat ganti dgn barang lain/refund uang - kami tidak melayani orderan via fb, tanya2 silahkan whatsapp/wechat aja yaa.  - order = sabar - pengiriman senin-jumat. sabtu, minggu dan hari libur nasional tidak ada pengiriman. orderan ttp di proses slow respon - resi bisa diminta h+1 setelah pengiriman, kecuali hari jumat resi bs diminta di hari senin sore - untuk yg mau barangnya 1 hari sampai, bisa menggunakan service jne yes - khusus wilayah jakarta kami menggunakan kurir pick me up, barang langsung sampai ke tangan customer di hari yang sama pada saat pengiriman, dengan biaya 10.000/kg - pengiriman dilakukan keesokan harinya setelah transfer. - barang yg sudah dibeli tidak dpt ditukar/dikembalikan kecuali reject dan batas maksimal retur 3 hari setelah barang diterima customer k berlaku thanks smile emotikon meccanism"
"07/05/2016","19:09:42","ZaskiaMecca","elsafa 110.000  bahan: spandex rayon kombinasi ceruty... untuk order (pilih salah satu) whatsapp/sms ina 081574696055 (no call, text only) wechat id : lavinia_meccanism dengan format : nama : alamat : tlp : order : - tlg sms orderannya sesuai format yaa (satu kali enter) - format order = proses - no rekening kami hanya bca atas nama zaskia adya mecca - tidak ada sistem keep/booking barang, apabila barang habis customer dapat ganti dgn barang lain/refund uang - kami tidak melayani orderan via fb, tanya2 silahkan whatsapp/wechat aja yaa.  - order = sabar - pengiriman senin-jumat. sabtu, minggu dan hari libur nasional tidak ada pengiriman. orderan ttp di proses slow respon - resi bisa diminta h+1 setelah pengiriman, kecuali hari jumat resi bs diminta di hari senin sore - untuk yg mau barangnya 1 hari sampai, bisa menggunakan service jne yes - khusus wilayah jakarta kami menggunakan kurir pick me up, barang langsung sampai ke tangan customer di hari yang sama pada saat pengiriman, dengan biaya 10.000/kg - pengiriman dilakukan keesokan harinya setelah transfer. - barang yg sudah dibeli tidak dpt ditukar/dikembalikan kecuali reject dan batas maksimal retur 3 hari setelah barang diterima customer k berlaku thanks smile emotikon meccanism"
"07/05/2016","19:04:39","ZaskiaMecca","elsa 110.000  bahan: spandex rayon... untuk order (pilih salah satu) whatsapp/sms ina 081574696055 (no call, text only) wechat id : lavinia_meccanism dengan format : nama : alamat : tlp : order : - tlg sms orderannya sesuai format yaa (satu kali enter) - format order = proses - no rekening kami hanya bca atas nama zaskia adya mecca - tidak ada sistem keep/booking barang, apabila barang habis customer dapat ganti dgn barang lain/refund uang - kami tidak melayani orderan via fb, tanya2 silahkan whatsapp/wechat aja yaa.  - order = sabar - pengiriman senin-jumat. sabtu, minggu dan hari libur nasional tidak ada pengiriman. orderan ttp di proses slow respon - resi bisa diminta h+1 setelah pengiriman, kecuali hari jumat resi bs diminta di hari senin sore - untuk yg mau barangnya 1 hari sampai, bisa menggunakan service jne yes - khusus wilayah jakarta kami menggunakan kurir pick me up, barang langsung sampai ke tangan customer di hari yang sama pada saat pengiriman, dengan biaya 10.000/kg - pengiriman dilakukan keesokan harinya setelah transfer. - barang yg sudah dibeli tidak dpt ditukar/dikembalikan kecuali reject dan batas maksimal retur 3 hari setelah barang diterima customer k berlaku thanks smile emotikon meccanism"
"07/05/2016","17:19:07","ZaskiaMecca","hey dear, we have a good news for you"
"06/05/2016","22:57:26","ZaskiaMecca","untuk order (pilih salah satu) whatsapp/sms ina 081574696055 (no call, text only) wechat id : lavinia_meccanism dengan format :... nama : alamat : tlp : order : - tlg sms orderannya sesuai format yaa (satu kali enter) - format order = proses - no rekening kami hanya bca atas nama zaskia adya mecca - kami tidak melayani orderan via fb, tanya2 silahkan whatsapp/wechat aja yaa.  - dimohon membaca info album sebelum melakukan orderan.  - order = sabar - pengiriman senin-jumat. sabtu, minggu dan hari libur nasional tidak ada pengiriman. orderan ttp di proses slow respon - resi bisa diminta paling cepat h+1 setelah pengiriman, kecuali hari jumat resi bs diminta di hari senin sore - untuk yg mau barangnya 1 hari sampai, bisa menggunakan service jne yes - pengiriman dilakukan keesokan harinya setelah transfer. - barang yg sudah dibeli tidak dpt ditukar/dikembalikan kecuali reject dan batas maksimal retur 3 hari setelah barang diterima customer k berlaku thanks smile emotikon meccanism"
"06/05/2016","22:34:01","ZaskiaMecca","untuk order (pilih salah satu) whatsapp/sms ina 081574696055 (no call, text only) wechat id : lavinia_meccanism dengan format :... nama : alamat : tlp : order : - tlg sms orderannya sesuai format yaa (satu kali enter) - format order = proses - no rekening kami hanya bca atas nama zaskia adya mecca - tidak ada sistem keep/booking barang, apabila barang habis customer dapat ganti dgn barang lain/refund uang - kami tidak melayani orderan via fb, tanya2 silahkan whatsapp/wechat aja yaa.  - order = sabar - pengiriman senin-jumat. sabtu, minggu dan hari libur nasional tidak ada pengiriman. orderan ttp di proses slow respon - resi bisa diminta h+1 setelah pengiriman, kecuali hari jumat resi bs diminta di hari senin sore - untuk yg mau barangnya 1 hari sampai, bisa menggunakan service jne yes - khusus wilayah jakarta kami menggunakan kurir pick me up, barang langsung sampai ke tangan customer di hari yang sama pada saat pengiriman, dengan biaya 10.000/kg - pengiriman dilakukan keesokan harinya setelah transfer. - barang yg sudah dibeli tidak dpt ditukar/dikembalikan kecuali reject dan batas maksimal retur 3 hari setelah barang diterima customer k berlaku thanks smile emotikon meccanism"
"06/05/2016","22:30:01","ZaskiaMecca","tutorial shawl najja  85.000  bahan: sifon ceruty... untuk order (pilih salah satu) whatsapp/sms ina 081574696055 (no call, text only) wechat id : lavinia_meccanism dengan format : nama : alamat : tlp : order : - tlg sms orderannya sesuai format yaa (satu kali enter) - format order = proses - no rekening kami hanya bca atas nama zaskia adya mecca - tidak ada sistem keep/booking barang, apabila barang habis customer dapat ganti dgn barang lain/refund uang - kami tidak melayani orderan via fb, tanya2 silahkan whatsapp/wechat aja yaa.  - order = sabar - pengiriman senin-jumat. sabtu, minggu dan hari libur nasional tidak ada pengiriman. orderan ttp di proses slow respon - resi bisa diminta h+1 setelah pengiriman, kecuali hari jumat resi bs diminta di hari senin sore - untuk yg mau barangnya 1 hari sampai, bisa menggunakan service jne yes - khusus wilayah jakarta kami menggunakan kurir pick me up, barang langsung sampai ke tangan customer di hari yang sama pada saat pengiriman, dengan biaya 10.000/kg - pengiriman dilakukan keesokan harinya setelah transfer. - barang yg sudah dibeli tidak dpt ditukar/dikembalikan kecuali reject dan batas maksimal retur 3 hari setelah barang diterima customer k berlaku thanks smile emotikon meccanism"
"06/05/2016","10:21:33","ZaskiaMecca","shawl najja 85.000 bahan: sifon ceruty... untuk order (pilih salah satu) whatsapp/sms ina 081574696055 (no call, text only) wechat id : lavinia_meccanism dengan format : nama : alamat : tlp : order : - tlg sms orderannya sesuai format yaa (satu kali enter) - format order = proses - no rekening kami hanya bca atas nama zaskia adya mecca - tidak ada sistem keep/booking barang, apabila barang habis customer dapat ganti dgn barang lain/refund uang - kami tidak melayani orderan via fb, tanya2 silahkan whatsapp/wechat aja yaa.  - order = sabar - pengiriman senin-jumat. sabtu, minggu dan hari libur nasional tidak ada pengiriman. orderan ttp di proses slow respon - resi bisa diminta h+1 setelah pengiriman, kecuali hari jumat resi bs diminta di hari senin sore - untuk yg mau barangnya 1 hari sampai, bisa menggunakan service jne yes - khusus wilayah jakarta kami menggunakan kurir pick me up, barang langsung sampai ke tangan customer di hari yang sama pada saat pengiriman, dengan biaya 10.000/kg - pengiriman dilakukan keesokan harinya setelah transfer. - barang yg sudah dibeli tidak dpt ditukar/dikembalikan kecuali reject dan batas maksimal retur 3 hari setelah barang diterima customer k berlaku thanks smile emotikon meccanism"
"06/05/2016","0:06:42","ZaskiaMecca","untuk order (pilih salah satu) whatsapp ina 081574696055 (no call, text only) wechat id : lavinia_meccanism dengan format :... nama : alamat : tlp : order : - tlg sms orderannya sesuai format yaa (satu kali enter) - format order = proses - no rekening kami hanya bca atas nama zaskia adya mecca - tidak ada keep/booking barang, apabila barang habis, customer bisa ganti barang lain/refund uang. proses refund kurang lebih 7 hari kerja di hari selasa/jumat. - kami tidak melayani orderan via fb, tanya2 silahkan whatsapp/wechat aja yaa.  - dimohon membaca info album sebelum melakukan orderan.  - order = sabar - resi bisa diminta paling cepat h+2 setelah pengiriman, kecuali hari jumat resi bs diminta di hari senin sore - untuk yg mau barangnya 1 hari sampai, bisa menggunakan service jne yes - pengiriman dilakukan keesokan harinya setelah transfer. - barang yg sudah dibeli tidak dpt ditukar/dikembalikan kecuali reject dan batas maksimal retur 3 hari setelah barang diterima customer k berlaku thanks smile emotikon meccanism"
"05/05/2016","23:01:54","ZaskiaMecca","avanya 230.000 lebar bahu : 8cm lingkar ketiak : 44cm lingkar lengan : 30cm... lingkar dada : 89cm panjang baju belakang : 74cm panjang baju depan 63cm panjang lengan : 60cm bahan : royal satin untuk order (pilih salah satu) whatsapp/sms ina 081574696055 (no call, text only) wechat id : lavinia_meccanism dengan format : nama : alamat : tlp : order : - tlg sms orderannya sesuai format yaa (satu kali enter) - format order = proses - no rekening kami hanya bca atas nama zaskia adya mecca - tidak ada sistem keep/booking barang, apabila barang habis customer dapat ganti dgn barang lain/refund uang. proses refund kurang lebih 7 hari kerja, di hari selasa/jumat - kami tidak melayani orderan via fb, tanya2 silahkan whatsapp/wechat aja yaa.  - order = sabar - pengiriman senin-jumat. sabtu, minggu dan hari libur nasional tidak ada pengiriman. orderan ttp di proses slow respon - resi bisa diminta paling cepat h+1 setelah pengiriman, kecuali hari jumat resi bs diminta di hari senin sore - untuk yg mau barangnya 1 hari sampai, bisa menggunakan service jne yes - pengiriman dilakukan keesokan harinya setelah transfer. - barang yg sudah dibeli tidak dpt ditukar/dikembalikan kecuali reject dan batas maksimal retur 3 hari setelah barang diterima customer k berlaku thanks smile emotikon meccanism"
"05/05/2016","22:11:58","ZaskiaMecca","loewy pants bahan : spandex rayon harga : 250.000 lingkar pinggang : 64cm (max. 100cm) ling. pinggul : 116cm... ling. paha : 62cm panjang : 107cm untuk order (pilih salah satu) whatsapp/sms ina 081574696055 (no call, text only) wechat id : lavinia_meccanism dengan format : nama : alamat : tlp : order : - tlg sms orderannya sesuai format yaa (satu kali enter) - format order = proses - no rekening kami hanya bca atas nama zaskia adya mecca - tidak ada sistem keep/booking barang, apabila barang habis customer dapat ganti dgn barang lain/refund uang. proses refund kurang lebih 7 hari kerja, di hari selasa/jumat - kami tidak melayani orderan via fb, tanya2 silahkan whatsapp/wechat aja yaa.  - order = sabar - pengiriman senin-jumat. sabtu, minggu dan hari libur nasional tidak ada pengiriman. orderan ttp di proses slow respon - resi bisa diminta paling cepat h+1 setelah pengiriman, kecuali hari jumat resi bs diminta di hari senin sore - untuk yg mau barangnya 1 hari sampai, bisa menggunakan service jne yes - pengiriman dilakukan keesokan harinya setelah transfer. - barang yg sudah dibeli tidak dpt ditukar/dikembalikan kecuali reject dan batas maksimal retur 3 hari setelah barang diterima customer k berlaku thanks smile emotikon meccanism"
"05/05/2016","21:29:45","ZaskiaMecca","assalamualaikum, surabayaaa lets visit meccanism booth at surabaya fair lapangan parkir utara lenmarc 4-15 may 2016. and get  our latest collections, dear ðŸ˜˜"
"05/05/2016","17:50:20","ZaskiaMecca","mukena  harga : 300.000  detail atas : panjang dpn : 120cm panjang blkg : 130cm lingkar muka : 50cm max 53cm lingkar karet kepala : 26cm max 48cmbawah : lingkar pinggang : 56cm - max 90cm panjang : 115cm. bahan : katun paris untuk order (pilih salah satu)... whatsapp/sms ina 081574696055 (no call, text only) wechat id : lavinia_meccanism dengan format : nama : alamat : tlp : order : - tlg sms orderannya sesuai format yaa (satu kali enter) - format order = proses - no rekening kami hanya bca atas nama zaskia adya mecca - tidak ada sistem keep/booking barang, apabila barang habis customer dapat ganti dgn barang lain/refund uang. proses refund kurang lebih 7 hari kerja, di hari selasa/jumat - kami tidak melayani orderan via fb, tanya2 silahkan whatsapp/wechat aja yaa.  - order = sabar - pengiriman senin-jumat. sabtu, minggu dan hari libur nasional tidak ada pengiriman. orderan ttp di proses slow respon - resi bisa diminta paling cepat h+1 setelah pengiriman, kecuali hari jumat resi bs diminta di hari senin sore - untuk yg mau barangnya 1 hari sampai, bisa menggunakan service jne yes - pengiriman dilakukan keesokan harinya setelah transfer. - barang yg sudah dibeli tidak dpt ditukar/dikembalikan kecuali reject dan batas maksimal retur 3 hari setelah barang diterima customer k berlaku thanks smile emotikon meccanism"
"04/05/2016","18:07:32","ZaskiaMecca","fanning pants 300.000 lingkar pinggang 64cm (max 96cm) pesak 24cm lingkar pinggul 84cm (stretch)... lingkar paha 50cm panjang 97cm lingkar pergelangan kaki 26cm bahan : crept jersey untuk order (pilih salah satu) whatsapp/sms ina 081574696055 (no call, text only) wechat id : lavinia_meccanism dengan format : nama : alamat : tlp : order : - tlg sms orderannya sesuai format yaa (satu kali enter) - format order = proses - no rekening kami hanya bca atas nama zaskia adya mecca - tidak ada sistem keep/booking barang, apabila barang habis customer dapat ganti dgn barang lain/refund uang. proses refund kurang lebih 7 hari kerja, di hari selasa/jumat - kami tidak melayani orderan via fb, tanya2 silahkan whatsapp/wechat aja yaa.  - order = sabar - pengiriman senin-jumat. sabtu, minggu dan hari libur nasional tidak ada pengiriman. orderan ttp di proses slow respon - resi bisa diminta paling cepat h+1 setelah pengiriman, kecuali hari jumat resi bs diminta di hari senin sore - untuk yg mau barangnya 1 hari sampai, bisa menggunakan service jne yes - pengiriman dilakukan keesokan harinya setelah transfer. - barang yg sudah dibeli tidak dpt ditukar/dikembalikan kecuali reject dan batas maksimal retur 3 hari setelah barang diterima customer k berlaku thanks smile emotikon meccanism"
"04/05/2016","14:38:29","ZaskiaMecca","lets join with us"
